ID	session	writer	n_event	st_time	end_time	pause	event	pos	doc_len	op	type_op	charID	charStatus	tokenID	token	lemma	POS	XPOS	ms	governor	function	sentence_id
.	0	4	1	373436	373436		I	0	0	1	keyboard	1	False	0=1	0=IIIIIIIIIIIIIIIIIIIIIIIIIIIIIIIIIIIIIIIIII	0=_	0=X	0=NC	0=	0=0	0=root	0=1
.	0	4	2	373935	373935	499	I	1	1	1	keyboard	2	False	0=1	0=IIIIIIIIIIIIIIIIIIIIIIIIIIIIIIIIIIIIIIIIII	0=_	0=X	0=NC	0=	0=0	0=root	0=1
.	0	4	3	373982	373982	47	I	2	2	1	keyboard	3	False	0=1	0=IIIIIIIIIIIIIIIIIIIIIIIIIIIIIIIIIIIIIIIIII	0=_	0=X	0=NC	0=	0=0	0=root	0=1
.	0	4	4	374028	374028	46	I	3	3	1	keyboard	4	False	0=1	0=IIIIIIIIIIIIIIIIIIIIIIIIIIIIIIIIIIIIIIIIII	0=_	0=X	0=NC	0=	0=0	0=root	0=1
.	0	4	5	374060	374060	32	I	4	4	1	keyboard	5	False	0=1	0=IIIIIIIIIIIIIIIIIIIIIIIIIIIIIIIIIIIIIIIIII	0=_	0=X	0=NC	0=	0=0	0=root	0=1
.	0	4	6	374106	374106	46	I	5	5	1	keyboard	6	False	0=1	0=IIIIIIIIIIIIIIIIIIIIIIIIIIIIIIIIIIIIIIIIII	0=_	0=X	0=NC	0=	0=0	0=root	0=1
.	0	4	7	374138	374138	32	I	6	6	1	keyboard	7	False	0=1	0=IIIIIIIIIIIIIIIIIIIIIIIIIIIIIIIIIIIIIIIIII	0=_	0=X	0=NC	0=	0=0	0=root	0=1
.	0	4	8	374184	374184	46	I	7	7	1	keyboard	8	False	0=1	0=IIIIIIIIIIIIIIIIIIIIIIIIIIIIIIIIIIIIIIIIII	0=_	0=X	0=NC	0=	0=0	0=root	0=1
.	0	4	9	374231	374231	47	I	8	8	1	keyboard	9	False	0=1	0=IIIIIIIIIIIIIIIIIIIIIIIIIIIIIIIIIIIIIIIIII	0=_	0=X	0=NC	0=	0=0	0=root	0=1
.	0	4	10	374262	374262	31	I	9	9	1	keyboard	10	False	0=1	0=IIIIIIIIIIIIIIIIIIIIIIIIIIIIIIIIIIIIIIIIII	0=_	0=X	0=NC	0=	0=0	0=root	0=1
.	0	4	11	374309	374309	47	I	10	10	1	keyboard	11	False	0=1	0=IIIIIIIIIIIIIIIIIIIIIIIIIIIIIIIIIIIIIIIIII	0=_	0=X	0=NC	0=	0=0	0=root	0=1
.	0	4	12	374356	374356	47	I	11	11	1	keyboard	12	False	0=1	0=IIIIIIIIIIIIIIIIIIIIIIIIIIIIIIIIIIIIIIIIII	0=_	0=X	0=NC	0=	0=0	0=root	0=1
.	0	4	13	374387	374387	31	I	12	12	1	keyboard	13	False	0=1	0=IIIIIIIIIIIIIIIIIIIIIIIIIIIIIIIIIIIIIIIIII	0=_	0=X	0=NC	0=	0=0	0=root	0=1
.	0	4	14	374434	374434	47	I	13	13	1	keyboard	14	False	0=1	0=IIIIIIIIIIIIIIIIIIIIIIIIIIIIIIIIIIIIIIIIII	0=_	0=X	0=NC	0=	0=0	0=root	0=1
.	0	4	15	374465	374465	31	I	14	14	1	keyboard	15	False	0=1	0=IIIIIIIIIIIIIIIIIIIIIIIIIIIIIIIIIIIIIIIIII	0=_	0=X	0=NC	0=	0=0	0=root	0=1
.	0	4	16	374512	374512	47	I	15	15	1	keyboard	16	False	0=1	0=IIIIIIIIIIIIIIIIIIIIIIIIIIIIIIIIIIIIIIIIII	0=_	0=X	0=NC	0=	0=0	0=root	0=1
.	0	4	17	374559	374559	47	I	16	16	1	keyboard	17	False	0=1	0=IIIIIIIIIIIIIIIIIIIIIIIIIIIIIIIIIIIIIIIIII	0=_	0=X	0=NC	0=	0=0	0=root	0=1
.	0	4	18	374590	374590	31	I	17	17	1	keyboard	18	False	0=1	0=IIIIIIIIIIIIIIIIIIIIIIIIIIIIIIIIIIIIIIIIII	0=_	0=X	0=NC	0=	0=0	0=root	0=1
.	0	4	19	374637	374637	47	I	18	18	1	keyboard	19	False	0=1	0=IIIIIIIIIIIIIIIIIIIIIIIIIIIIIIIIIIIIIIIIII	0=_	0=X	0=NC	0=	0=0	0=root	0=1
.	0	4	20	374668	374668	31	I	19	19	1	keyboard	20	False	0=1	0=IIIIIIIIIIIIIIIIIIIIIIIIIIIIIIIIIIIIIIIIII	0=_	0=X	0=NC	0=	0=0	0=root	0=1
.	0	4	21	374715	374715	47	I	20	20	1	keyboard	21	False	0=1	0=IIIIIIIIIIIIIIIIIIIIIIIIIIIIIIIIIIIIIIIIII	0=_	0=X	0=NC	0=	0=0	0=root	0=1
.	0	4	22	374762	374762	47	I	21	21	1	keyboard	22	False	0=1	0=IIIIIIIIIIIIIIIIIIIIIIIIIIIIIIIIIIIIIIIIII	0=_	0=X	0=NC	0=	0=0	0=root	0=1
.	0	4	23	374793	374793	31	I	22	22	1	keyboard	23	False	0=1	0=IIIIIIIIIIIIIIIIIIIIIIIIIIIIIIIIIIIIIIIIII	0=_	0=X	0=NC	0=	0=0	0=root	0=1
.	0	4	24	374840	374840	47	I	23	23	1	keyboard	24	False	0=1	0=IIIIIIIIIIIIIIIIIIIIIIIIIIIIIIIIIIIIIIIIII	0=_	0=X	0=NC	0=	0=0	0=root	0=1
.	0	4	25	374886	374886	46	I	24	24	1	keyboard	25	False	0=1	0=IIIIIIIIIIIIIIIIIIIIIIIIIIIIIIIIIIIIIIIIII	0=_	0=X	0=NC	0=	0=0	0=root	0=1
.	0	4	26	374918	374918	32	I	25	25	1	keyboard	26	False	0=1	0=IIIIIIIIIIIIIIIIIIIIIIIIIIIIIIIIIIIIIIIIII	0=_	0=X	0=NC	0=	0=0	0=root	0=1
.	0	4	27	374964	374964	46	I	26	26	1	keyboard	27	False	0=1	0=IIIIIIIIIIIIIIIIIIIIIIIIIIIIIIIIIIIIIIIIII	0=_	0=X	0=NC	0=	0=0	0=root	0=1
.	0	4	28	374996	374996	32	I	27	27	1	keyboard	28	False	0=1	0=IIIIIIIIIIIIIIIIIIIIIIIIIIIIIIIIIIIIIIIIII	0=_	0=X	0=NC	0=	0=0	0=root	0=1
.	0	4	29	375042	375042	46	I	28	28	1	keyboard	29	False	0=1	0=IIIIIIIIIIIIIIIIIIIIIIIIIIIIIIIIIIIIIIIIII	0=_	0=X	0=NC	0=	0=0	0=root	0=1
.	0	4	30	375089	375089	47	I	29	29	1	keyboard	30	False	0=1	0=IIIIIIIIIIIIIIIIIIIIIIIIIIIIIIIIIIIIIIIIII	0=_	0=X	0=NC	0=	0=0	0=root	0=1
.	0	4	31	375120	375120	31	I	30	30	1	keyboard	31	False	0=1	0=IIIIIIIIIIIIIIIIIIIIIIIIIIIIIIIIIIIIIIIIII	0=_	0=X	0=NC	0=	0=0	0=root	0=1
.	0	4	32	375167	375167	47	I	31	31	1	keyboard	32	False	0=1	0=IIIIIIIIIIIIIIIIIIIIIIIIIIIIIIIIIIIIIIIIII	0=_	0=X	0=NC	0=	0=0	0=root	0=1
.	0	4	33	375198	375198	31	I	32	32	1	keyboard	33	False	0=1	0=IIIIIIIIIIIIIIIIIIIIIIIIIIIIIIIIIIIIIIIIII	0=_	0=X	0=NC	0=	0=0	0=root	0=1
.	0	4	34	375245	375245	47	I	33	33	1	keyboard	34	False	0=1	0=IIIIIIIIIIIIIIIIIIIIIIIIIIIIIIIIIIIIIIIIII	0=_	0=X	0=NC	0=	0=0	0=root	0=1
.	0	4	35	375292	375292	47	I	34	34	1	keyboard	35	False	0=1	0=IIIIIIIIIIIIIIIIIIIIIIIIIIIIIIIIIIIIIIIIII	0=_	0=X	0=NC	0=	0=0	0=root	0=1
.	0	4	36	375323	375323	31	I	35	35	1	keyboard	36	False	0=1	0=IIIIIIIIIIIIIIIIIIIIIIIIIIIIIIIIIIIIIIIIII	0=_	0=X	0=NC	0=	0=0	0=root	0=1
.	0	4	37	375370	375370	47	I	36	36	1	keyboard	37	False	0=1	0=IIIIIIIIIIIIIIIIIIIIIIIIIIIIIIIIIIIIIIIIII	0=_	0=X	0=NC	0=	0=0	0=root	0=1
.	0	4	38	375417	375417	47	I	37	37	1	keyboard	38	False	0=1	0=IIIIIIIIIIIIIIIIIIIIIIIIIIIIIIIIIIIIIIIIII	0=_	0=X	0=NC	0=	0=0	0=root	0=1
.	0	4	39	375448	375464	31	I	38	38	1	keyboard	39	False	0=1	0=IIIIIIIIIIIIIIIIIIIIIIIIIIIIIIIIIIIIIIIIII	0=_	0=X	0=NC	0=	0=0	0=root	0=1
.	0	4	40	377117	377242	1653	I	39	39	1	keyboard	40	False	0=1	0=IIIIIIIIIIIIIIIIIIIIIIIIIIIIIIIIIIIIIIIIII	0=_	0=X	0=NC	0=	0=0	0=root	0=1
.	0	4	41	377336	377429	94	I	40	40	1	keyboard	41	False	0=1	0=IIIIIIIIIIIIIIIIIIIIIIIIIIIIIIIIIIIIIIIIII	0=_	0=X	0=NC	0=	0=0	0=root	0=1
.	0	4	42	377507	377663	78	I	41	41	1	keyboard	42	False	0=1	0=IIIIIIIIIIIIIIIIIIIIIIIIIIIIIIIIIIIIIIIIII	0=_	0=X	0=NC	0=	0=0	0=root	0=1
.	0	4	43	378693	378755	1030	⌫	42	42	-1	keyboard	43	na	na	na	na	na	na	na	na	na	na
.	0	4	44	378833	378911	78	⌫	41	41	-1	keyboard	44	na	na	na	na	na	na	na	na	na	na
.	0	4	45	379005	379067	94	⌫	40	40	-1	keyboard	45	na	na	na	na	na	na	na	na	na	na
.	0	4	46	379161	379239	94	⌫	39	39	-1	keyboard	46	na	na	na	na	na	na	na	na	na	na
.	0	4	47	379317	379410	78	⌫	38	38	-1	keyboard	47	na	na	na	na	na	na	na	na	na	na
.	0	4	48	379488	379551	78	⌫	37	37	-1	keyboard	48	na	na	na	na	na	na	na	na	na	na
.	0	4	49	379644	379722	93	⌫	36	36	-1	keyboard	49	na	na	na	na	na	na	na	na	na	na
.	0	4	50	379738	379863	16	⌫	35	35	-1	keyboard	50	na	na	na	na	na	na	na	na	na	na
.	0	4	51	379956	380003	93	⌫	34	34	-1	keyboard	51	na	na	na	na	na	na	na	na	na	na
.	0	4	52	380097	380175	94	⌫	33	33	-1	keyboard	52	na	na	na	na	na	na	na	na	na	na
.	0	4	53	380237	382842	62	⌫	32	32	-1	keyboard	53	na	na	na	na	na	na	na	na	na	na
.	0	4	53	380237	382842		⌫	31	31	-1	keyboard	54	na	na	na	na	na	na	na	na	na	na
.	0	4	53	380237	382842		⌫	30	30	-1	keyboard	55	na	na	na	na	na	na	na	na	na	na
.	0	4	53	380237	382842		⌫	29	29	-1	keyboard	56	na	na	na	na	na	na	na	na	na	na
.	0	4	53	380237	382842		⌫	28	28	-1	keyboard	57	na	na	na	na	na	na	na	na	na	na
.	0	4	53	380237	382842		⌫	27	27	-1	keyboard	58	na	na	na	na	na	na	na	na	na	na
.	0	4	53	380237	382842		⌫	26	26	-1	keyboard	59	na	na	na	na	na	na	na	na	na	na
.	0	4	53	380237	382842		⌫	25	25	-1	keyboard	60	na	na	na	na	na	na	na	na	na	na
.	0	4	53	380237	382842		⌫	24	24	-1	keyboard	61	na	na	na	na	na	na	na	na	na	na
.	0	4	53	380237	382842		⌫	23	23	-1	keyboard	62	na	na	na	na	na	na	na	na	na	na
.	0	4	53	380237	382842		⌫	22	22	-1	keyboard	63	na	na	na	na	na	na	na	na	na	na
.	0	4	53	380237	382842		⌫	21	21	-1	keyboard	64	na	na	na	na	na	na	na	na	na	na
.	0	4	53	380237	382842		⌫	20	20	-1	keyboard	65	na	na	na	na	na	na	na	na	na	na
.	0	4	53	380237	382842		⌫	19	19	-1	keyboard	66	na	na	na	na	na	na	na	na	na	na
.	0	4	53	380237	382842		⌫	18	18	-1	keyboard	67	na	na	na	na	na	na	na	na	na	na
.	0	4	53	380237	382842		⌫	17	17	-1	keyboard	68	na	na	na	na	na	na	na	na	na	na
.	0	4	53	380237	382842		⌫	16	16	-1	keyboard	69	na	na	na	na	na	na	na	na	na	na
.	0	4	53	380237	382842		⌫	15	15	-1	keyboard	70	na	na	na	na	na	na	na	na	na	na
.	0	4	53	380237	382842		⌫	14	14	-1	keyboard	71	na	na	na	na	na	na	na	na	na	na
.	0	4	53	380237	382842		⌫	13	13	-1	keyboard	72	na	na	na	na	na	na	na	na	na	na
.	0	4	53	380237	382842		⌫	12	12	-1	keyboard	73	na	na	na	na	na	na	na	na	na	na
.	0	4	53	380237	382842		⌫	11	11	-1	keyboard	74	na	na	na	na	na	na	na	na	na	na
.	0	4	53	380237	382842		⌫	10	10	-1	keyboard	75	na	na	na	na	na	na	na	na	na	na
.	0	4	53	380237	382842		⌫	9	9	-1	keyboard	76	na	na	na	na	na	na	na	na	na	na
.	0	4	53	380237	382842		⌫	8	8	-1	keyboard	77	na	na	na	na	na	na	na	na	na	na
.	0	4	53	380237	382842		⌫	7	7	-1	keyboard	78	na	na	na	na	na	na	na	na	na	na
.	0	4	53	380237	382842		⌫	6	6	-1	keyboard	79	na	na	na	na	na	na	na	na	na	na
.	0	4	53	380237	382842		⌫	5	5	-1	keyboard	80	na	na	na	na	na	na	na	na	na	na
.	0	4	53	380237	382842		⌫	4	4	-1	keyboard	81	na	na	na	na	na	na	na	na	na	na
.	0	4	53	380237	382842		⌫	3	3	-1	keyboard	82	na	na	na	na	na	na	na	na	na	na
.	0	4	53	380237	382842		⌫	2	2	-1	keyboard	83	na	na	na	na	na	na	na	na	na	na
.	0	4	53	380237	382842		⌫	1	1	-1	keyboard	84	na	na	na	na	na	na	na	na	na	na
.	0	4	54	393934	394028	11092	F	0	0	1	keyboard	85	False	2=2	2=FHQFJKPKLFJQIYQFMHSRFMURYHUMY	2=_	2=X	2=NC	2=	2=0	2=root	2=1
.	0	4	55	394028	394106		H	1	1	1	keyboard	86	False	2=2	2=FHQFJKPKLFJQIYQFMHSRFMURYHUMY	2=_	2=X	2=NC	2=	2=0	2=root	2=1
.	0	4	56	394075	394199		Q	2	2	1	keyboard	87	False	2=2	2=FHQFJKPKLFJQIYQFMHSRFMURYHUMY	2=_	2=X	2=NC	2=	2=0	2=root	2=1
.	0	4	57	394168	394387		F	3	3	1	keyboard	88	False	2=2	2=FHQFJKPKLFJQIYQFMHSRFMURYHUMY	2=_	2=X	2=NC	2=	2=0	2=root	2=1
.	0	4	58	394168	394309		J	4	4	1	keyboard	89	False	2=2	2=FHQFJKPKLFJQIYQFMHSRFMURYHUMY	2=_	2=X	2=NC	2=	2=0	2=root	2=1
.	0	4	59	394184	394262		K	5	5	1	keyboard	90	False	2=2	2=FHQFJKPKLFJQIYQFMHSRFMURYHUMY	2=_	2=X	2=NC	2=	2=0	2=root	2=1
.	0	4	60	394340	394355	78	P	6	6	1	keyboard	91	False	2=2	2=FHQFJKPKLFJQIYQFMHSRFMURYHUMY	2=_	2=X	2=NC	2=	2=0	2=root	2=1
.	0	4	61	394480	394605	125	K	7	7	1	keyboard	92	False	2=2	2=FHQFJKPKLFJQIYQFMHSRFMURYHUMY	2=_	2=X	2=NC	2=	2=0	2=root	2=1
.	0	4	62	394480	394558		L	8	8	1	keyboard	93	False	2=2	2=FHQFJKPKLFJQIYQFMHSRFMURYHUMY	2=_	2=X	2=NC	2=	2=0	2=root	2=1
.	0	4	63	394605	394761	47	F	9	9	1	keyboard	94	False	2=2	2=FHQFJKPKLFJQIYQFMHSRFMURYHUMY	2=_	2=X	2=NC	2=	2=0	2=root	2=1
.	0	4	64	394605	394667		J	10	10	1	keyboard	95	False	2=2	2=FHQFJKPKLFJQIYQFMHSRFMURYHUMY	2=_	2=X	2=NC	2=	2=0	2=root	2=1
.	0	4	65	394730	394855	63	Q	11	11	1	keyboard	96	False	2=2	2=FHQFJKPKLFJQIYQFMHSRFMURYHUMY	2=_	2=X	2=NC	2=	2=0	2=root	2=1
.	0	4	66	394730	394777		I	12	12	1	keyboard	97	False	2=2	2=FHQFJKPKLFJQIYQFMHSRFMURYHUMY	2=_	2=X	2=NC	2=	2=0	2=root	2=1
.	0	4	67	394823	394964	46	Y	13	13	1	keyboard	98	False	2=2	2=FHQFJKPKLFJQIYQFMHSRFMURYHUMY	2=_	2=X	2=NC	2=	2=0	2=root	2=1
.	0	4	68	394964	394995		Q	14	14	1	keyboard	99	False	2=2	2=FHQFJKPKLFJQIYQFMHSRFMURYHUMY	2=_	2=X	2=NC	2=	2=0	2=root	2=1
.	0	4	69	394995	395229		F	15	15	1	keyboard	100	False	2=2	2=FHQFJKPKLFJQIYQFMHSRFMURYHUMY	2=_	2=X	2=NC	2=	2=0	2=root	2=1
.	0	4	70	395229	395354		M	16	16	1	keyboard	101	False	2=2	2=FHQFJKPKLFJQIYQFMHSRFMURYHUMY	2=_	2=X	2=NC	2=	2=0	2=root	2=1
.	0	4	71	395260	395603		H	17	17	1	keyboard	102	False	2=2	2=FHQFJKPKLFJQIYQFMHSRFMURYHUMY	2=_	2=X	2=NC	2=	2=0	2=root	2=1
.	0	4	72	395338	395416		S	18	18	1	keyboard	103	False	2=2	2=FHQFJKPKLFJQIYQFMHSRFMURYHUMY	2=_	2=X	2=NC	2=	2=0	2=root	2=1
.	0	4	73	395447	395494	31	R	19	19	1	keyboard	104	False	2=2	2=FHQFJKPKLFJQIYQFMHSRFMURYHUMY	2=_	2=X	2=NC	2=	2=0	2=root	2=1
.	0	4	74	395494	395650		F	20	20	1	keyboard	105	False	2=2	2=FHQFJKPKLFJQIYQFMHSRFMURYHUMY	2=_	2=X	2=NC	2=	2=0	2=root	2=1
.	0	4	75	395525	395993		M	21	21	1	keyboard	106	False	2=2	2=FHQFJKPKLFJQIYQFMHSRFMURYHUMY	2=_	2=X	2=NC	2=	2=0	2=root	2=1
.	0	4	76	395650	395806		U	22	22	1	keyboard	107	False	2=2	2=FHQFJKPKLFJQIYQFMHSRFMURYHUMY	2=_	2=X	2=NC	2=	2=0	2=root	2=1
.	0	4	77	395728	395947		R	23	23	1	keyboard	108	False	2=2	2=FHQFJKPKLFJQIYQFMHSRFMURYHUMY	2=_	2=X	2=NC	2=	2=0	2=root	2=1
.	0	4	78	395806	395853		Y	24	24	1	keyboard	109	False	2=2	2=FHQFJKPKLFJQIYQFMHSRFMURYHUMY	2=_	2=X	2=NC	2=	2=0	2=root	2=1
.	0	4	79	395884	395978	31	H	25	25	1	keyboard	110	False	2=2	2=FHQFJKPKLFJQIYQFMHSRFMURYHUMY	2=_	2=X	2=NC	2=	2=0	2=root	2=1
.	0	4	80	396025	396165	47	U	26	26	1	keyboard	111	False	2=2	2=FHQFJKPKLFJQIYQFMHSRFMURYHUMY	2=_	2=X	2=NC	2=	2=0	2=root	2=1
.	0	4	81	396118	396181		M	27	27	1	keyboard	112	False	2=2	2=FHQFJKPKLFJQIYQFMHSRFMURYHUMY	2=_	2=X	2=NC	2=	2=0	2=root	2=1
.	0	4	82	396118	396165		Y	28	28	1	keyboard	113	False	2=2	2=FHQFJKPKLFJQIYQFMHSRFMURYHUMY	2=_	2=X	2=NC	2=	2=0	2=root	2=1
.	0	4	83	397117	398926	952	⌫	29	29	-1	keyboard	114	na	na	na	na	na	na	na	na	na	na
.	0	4	83	397117	398926		⌫	28	28	-1	keyboard	115	na	na	na	na	na	na	na	na	na	na
.	0	4	83	397117	398926		⌫	27	27	-1	keyboard	116	na	na	na	na	na	na	na	na	na	na
.	0	4	83	397117	398926		⌫	26	26	-1	keyboard	117	na	na	na	na	na	na	na	na	na	na
.	0	4	83	397117	398926		⌫	25	25	-1	keyboard	118	na	na	na	na	na	na	na	na	na	na
.	0	4	83	397117	398926		⌫	24	24	-1	keyboard	119	na	na	na	na	na	na	na	na	na	na
.	0	4	83	397117	398926		⌫	23	23	-1	keyboard	120	na	na	na	na	na	na	na	na	na	na
.	0	4	83	397117	398926		⌫	22	22	-1	keyboard	121	na	na	na	na	na	na	na	na	na	na
.	0	4	83	397117	398926		⌫	21	21	-1	keyboard	122	na	na	na	na	na	na	na	na	na	na
.	0	4	83	397117	398926		⌫	20	20	-1	keyboard	123	na	na	na	na	na	na	na	na	na	na
.	0	4	83	397117	398926		⌫	19	19	-1	keyboard	124	na	na	na	na	na	na	na	na	na	na
.	0	4	83	397117	398926		⌫	18	18	-1	keyboard	125	na	na	na	na	na	na	na	na	na	na
.	0	4	83	397117	398926		⌫	17	17	-1	keyboard	126	na	na	na	na	na	na	na	na	na	na
.	0	4	83	397117	398926		⌫	16	16	-1	keyboard	127	na	na	na	na	na	na	na	na	na	na
.	0	4	83	397117	398926		⌫	15	15	-1	keyboard	128	na	na	na	na	na	na	na	na	na	na
.	0	4	83	397117	398926		⌫	14	14	-1	keyboard	129	na	na	na	na	na	na	na	na	na	na
.	0	4	83	397117	398926		⌫	13	13	-1	keyboard	130	na	na	na	na	na	na	na	na	na	na
.	0	4	83	397117	398926		⌫	12	12	-1	keyboard	131	na	na	na	na	na	na	na	na	na	na
.	0	4	83	397117	398926		⌫	11	11	-1	keyboard	132	na	na	na	na	na	na	na	na	na	na
.	0	4	83	397117	398926		⌫	10	10	-1	keyboard	133	na	na	na	na	na	na	na	na	na	na
.	0	4	83	397117	398926		⌫	9	9	-1	keyboard	134	na	na	na	na	na	na	na	na	na	na
.	0	4	83	397117	398926		⌫	8	8	-1	keyboard	135	na	na	na	na	na	na	na	na	na	na
.	0	4	83	397117	398926		⌫	7	7	-1	keyboard	136	na	na	na	na	na	na	na	na	na	na
.	0	4	83	397117	398926		⌫	6	6	-1	keyboard	137	na	na	na	na	na	na	na	na	na	na
.	0	4	83	397117	398926		⌫	5	5	-1	keyboard	138	na	na	na	na	na	na	na	na	na	na
.	0	4	83	397117	398926		⌫	4	4	-1	keyboard	139	na	na	na	na	na	na	na	na	na	na
.	0	4	83	397117	398926		⌫	3	3	-1	keyboard	140	na	na	na	na	na	na	na	na	na	na
.	0	4	83	397117	398926		⌫	2	2	-1	keyboard	141	na	na	na	na	na	na	na	na	na	na
.	0	4	83	397117	398926		⌫	1	1	-1	keyboard	142	na	na	na	na	na	na	na	na	na	na
.	0	4	84	403513	403981	4587	I	0	0	1	keyboard	143	True	4=3|5=3|6=3|7=3|8=3|9=3|10=3|11=3|12=3|13=3|14=3|15=3|16=3|17=3|18=3|19=3|20=3	4=IL|5=IL|6=IL|7=IL|8=IL|9=IL|10=IL|11=IL|12=IL|13=IL|14=IL|15=IL|16=IL|17=IL|18=IL|19=IL|20=IL	4=il|5=il|6=il|7=il|8=il|9=il|10=il|11=il|12=il|13=il|14=il|15=il|16=il|17=il|18=il|19=il|20=il	4=CLS|5=CLS|6=CLS|7=CLS|8=CLS|9=CLS|10=CLS|11=CLS|12=CLS|13=CLS|14=CLS|15=CLS|16=CLS|17=CLS|18=CLS|19=CLS|20=CLS	4=CLS|5=CLS|6=CLS|7=CLS|8=CLS|9=CLS|10=CLS|11=CLS|12=CLS|13=CLS|14=CLS|15=CLS|16=CLS|17=CLS|18=CLS|19=CLS|20=CLS	4=n=s|g=m|p=3|5=n=s|g=m|p=3|6=n=s|g=m|p=3|7=n=s|g=m|p=3|8=n=s|g=m|p=3|9=n=s|g=m|p=3|10=n=s|g=m|p=3|11=n=s|g=m|p=3|12=n=s|g=m|p=3|13=n=s|g=m|p=3|14=n=s|g=m|p=3|15=n=s|g=m|p=3|16=n=s|g=m|p=3|17=n=s|g=m|p=3|18=n=s|g=m|p=3|19=n=s|g=m|p=3|20=n=s|g=m|p=3	4=5|5=5|6=5|7=5|8=5|9=5|10=0|11=0|12=0|13=5|14=0|15=5|16=0|17=0|18=0|19=0|20=0	4=suj_impers|5=suj_impers|6=suj_impers|7=suj_impers|8=suj|9=suj_impers|10=_|11=_|12=_|13=suj_impers|14=_|15=suj_impers|16=_|17=_|18=_|19=_|20=_	4=1|5=1|6=1|7=1|8=1|9=1|10=1|11=1|12=1|13=1|14=1|15=1|16=1|17=1|18=1|19=1|20=1
.	0	4	85	403809	404277		L	1	1	1	keyboard	144	True	4=3|5=3|6=3|7=3|8=3|9=3|10=3|11=3|12=3|13=3|14=3|15=3|16=3|17=3|18=3|19=3|20=3	4=IL|5=IL|6=IL|7=IL|8=IL|9=IL|10=IL|11=IL|12=IL|13=IL|14=IL|15=IL|16=IL|17=IL|18=IL|19=IL|20=IL	4=il|5=il|6=il|7=il|8=il|9=il|10=il|11=il|12=il|13=il|14=il|15=il|16=il|17=il|18=il|19=il|20=il	4=CLS|5=CLS|6=CLS|7=CLS|8=CLS|9=CLS|10=CLS|11=CLS|12=CLS|13=CLS|14=CLS|15=CLS|16=CLS|17=CLS|18=CLS|19=CLS|20=CLS	4=CLS|5=CLS|6=CLS|7=CLS|8=CLS|9=CLS|10=CLS|11=CLS|12=CLS|13=CLS|14=CLS|15=CLS|16=CLS|17=CLS|18=CLS|19=CLS|20=CLS	4=n=s|g=m|p=3|5=n=s|g=m|p=3|6=n=s|g=m|p=3|7=n=s|g=m|p=3|8=n=s|g=m|p=3|9=n=s|g=m|p=3|10=n=s|g=m|p=3|11=n=s|g=m|p=3|12=n=s|g=m|p=3|13=n=s|g=m|p=3|14=n=s|g=m|p=3|15=n=s|g=m|p=3|16=n=s|g=m|p=3|17=n=s|g=m|p=3|18=n=s|g=m|p=3|19=n=s|g=m|p=3|20=n=s|g=m|p=3	4=5|5=5|6=5|7=5|8=5|9=5|10=0|11=0|12=0|13=5|14=0|15=5|16=0|17=0|18=0|19=0|20=0	4=suj_impers|5=suj_impers|6=suj_impers|7=suj_impers|8=suj|9=suj_impers|10=_|11=_|12=_|13=suj_impers|14=_|15=suj_impers|16=_|17=_|18=_|19=_|20=_	4=1|5=1|6=1|7=1|8=1|9=1|10=1|11=1|12=1|13=1|14=1|15=1|16=1|17=1|18=1|19=1|20=1
.	0	4	86	410127	410314	5850	␣	2	2	1	keyboard	145	True	na	na	na	na	na	na	na	na	na
.	0	4	87	410548	410782	234	␣	3	3	1	keyboard	146	True	na	na	na	na	na	na	na	na	na
.	0	4	88	410923	411094	141	␣	4	4	1	keyboard	147	True	na	na	na	na	na	na	na	na	na
.	0	4	89	414932	415213	3838	␣	5	5	1	keyboard	148	True	na	na	na	na	na	na	na	na	na
.	0	4	90	416866	417100	1653	␣	6	6	1	keyboard	149	True	na	na	na	na	na	na	na	na	na
.	0	4	91	419315	419674	2215	Y	7	7	1	keyboard	150	True	4=4|5=4|6=4|7=4|8=4|9=4|10=4|11=4|12=4|13=4|14=4|15=4|16=4|17=4|18=4|19=4|20=4	4=Y|5=Y|6=Y|7=Y|8=Y|9=Y|10=Y|11=Y|12=Y|13=Y|14=Y|15=Y|16=Y|17=Y|18=Y|19=Y|20=Y	4=y|5=y|6=y|7=y|8=y|9=y|10=y|11=y|12=y|13=y|14=y|15=y|16=y|17=y|18=y|19=y|20=y	4=CLO|5=CLO|6=CLO|7=CLO|8=CLO|9=CLO|10=CLO|11=CLO|12=CLO|13=CLO|14=CLO|15=CLO|16=CLO|17=CLO|18=CLO|19=CLO|20=CLO	4=CLO|5=CLO|6=CLO|7=CLO|8=CLO|9=CLO|10=CLO|11=CLO|12=CLO|13=CLO|14=CLO|15=CLO|16=CLO|17=CLO|18=CLO|19=CLO|20=CLO	4=|5=|6=|7=|8=|9=|10=|11=|12=|13=|14=|15=|16=|17=|18=|19=|20=	4=5|5=5|6=5|7=5|8=5|9=5|10=0|11=0|12=0|13=5|14=0|15=5|16=0|17=0|18=0|19=0|20=0	4=aff|5=aff|6=aff|7=aff|8=mod|9=aff|10=_|11=_|12=_|13=aff|14=_|15=aff|16=_|17=_|18=_|19=_|20=_	4=1|5=1|6=1|7=1|8=1|9=1|10=1|11=1|12=1|13=1|14=1|15=1|16=1|17=1|18=1|19=1|20=1
.	0	4	92	420205	420548	531	␣	8	8	1	keyboard	151	True	na	na	na	na	na	na	na	na	na
.	0	4	93	420735	420969	187	␣	9	9	1	keyboard	152	True	na	na	na	na	na	na	na	na	na
.	0	4	94	421125	421390	156	␣	10	10	1	keyboard	153	True	na	na	na	na	na	na	na	na	na
.	0	4	95	421562	421796	172	␣	11	11	1	keyboard	154	True	na	na	na	na	na	na	na	na	na
.	0	4	96	422248	422420	452	␣	12	12	1	keyboard	155	True	na	na	na	na	na	na	na	na	na
.	0	4	97	422701	422888	281	A	13	13	1	keyboard	156	True	4=5|5=5|6=5|7=5|8=5|9=5|10=5|11=5|12=5|13=5|14=5|15=5|16=5|17=5|18=5|19=5|20=5	4=A|5=A|6=A|7=A|8=A|9=A|10=A|11=A|12=A|13=A|14=A|15=A|16=A|17=A|18=A|19=A|20=A	4=avoir|5=avoir|6=avoir|7=avoir|8=à|9=avoir|10=à|11=à|12=à|13=avoir|14=à|15=avoir|16=à|17=à|18=à|19=à|20=à	4=V|5=V|6=V|7=V|8=P|9=V|10=P|11=P|12=P|13=V|14=P|15=V|16=P|17=P|18=P|19=P|20=P	4=P|5=P|6=P|7=P|8=P|9=P|10=P|11=P|12=P|13=P|14=P|15=P|16=P|17=P|18=P|19=P|20=P	4=|5=|6=|7=|8=|9=|10=|11=|12=|13=|14=|15=|16=|17=|18=|19=|20=	4=0|5=0|6=0|7=0|8=0|9=0|10=0|11=0|12=0|13=0|14=0|15=0|16=0|17=0|18=0|19=0|20=0	4=root|5=root|6=root|7=root|8=root|9=root|10=_|11=_|12=_|13=root|14=_|15=root|16=_|17=_|18=_|19=_|20=_	4=1|5=1|6=1|7=1|8=1|9=1|10=1|11=1|12=1|13=1|14=1|15=1|16=1|17=1|18=1|19=1|20=1
.	0	4	98	425930	426024	3042	␣	14	14	1	keyboard	157	True	na	na	na	na	na	na	na	na	na
.	0	4	99	426117	426180	93	␣	15	15	1	keyboard	158	True	na	na	na	na	na	na	na	na	na
.	0	4	100	426258	426320	78	␣	16	16	1	keyboard	159	True	na	na	na	na	na	na	na	na	na
.	0	4	101	426414	426460	94	␣	17	17	1	keyboard	160	True	na	na	na	na	na	na	na	na	na
.	0	4	102	426554	426616	94	␣	18	18	1	keyboard	161	True	na	na	na	na	na	na	na	na	na
.	0	4	103	426726	426757	110	␣	19	19	1	keyboard	162	True	na	na	na	na	na	na	na	na	na
.	0	4	104	426850	426913	93	␣	20	20	1	keyboard	163	True	na	na	na	na	na	na	na	na	na
.	0	4	105	428114	428208	1201	D	21	21	1	keyboard	164	True	4=6|5=6|6=6|7=6|8=6|9=6|10=6|11=6|12=6|13=6|14=6|15=6|16=6|17=6|18=6|19=6|20=6	4=DE|5=DE|6=DE|7=DE|8=DE|9=DE|10=DE|11=DE|12=DE|13=DE|14=DE|15=DE|16=DE|17=DE|18=DE|19=DE|20=DE	4=de+le|5=de+le|6=de+le|7=de+le|8=de|9=de+le|10=de|11=de|12=de|13=de+le|14=de|15=de+le|16=de|17=de|18=de|19=de|20=de	4=P|5=P|6=P|7=P|8=P|9=P|10=P|11=P|12=P|13=P|14=P|15=P|16=P|17=P|18=P|19=P|20=P	4=P|5=P|6=P|7=P|8=P|9=P|10=P|11=P|12=P|13=P|14=P|15=P|16=P|17=P|18=P|19=P|20=P	4=|5=|6=|7=|8=|9=|10=|11=|12=|13=|14=|15=|16=|17=|18=|19=|20=	4=8|5=9|6=9|7=11|8=5|9=11|10=0|11=0|12=0|13=11|14=0|15=11|16=0|17=0|18=0|19=0|20=0	4=det|5=det|6=det|7=det|8=dep|9=det|10=_|11=_|12=_|13=det|14=_|15=det|16=_|17=_|18=_|19=_|20=_	4=1|5=1|6=1|7=1|8=1|9=1|10=1|11=1|12=1|13=1|14=1|15=1|16=1|17=1|18=1|19=1|20=1
.	0	4	106	428364	428535	156	E	22	22	1	keyboard	165	True	4=6|5=6|6=6|7=6|8=6|9=6|10=6|11=6|12=6|13=6|14=6|15=6|16=6|17=6|18=6|19=6|20=6	4=DE|5=DE|6=DE|7=DE|8=DE|9=DE|10=DE|11=DE|12=DE|13=DE|14=DE|15=DE|16=DE|17=DE|18=DE|19=DE|20=DE	4=de+le|5=de+le|6=de+le|7=de+le|8=de|9=de+le|10=de|11=de|12=de|13=de+le|14=de|15=de+le|16=de|17=de|18=de|19=de|20=de	4=P|5=P|6=P|7=P|8=P|9=P|10=P|11=P|12=P|13=P|14=P|15=P|16=P|17=P|18=P|19=P|20=P	4=P|5=P|6=P|7=P|8=P|9=P|10=P|11=P|12=P|13=P|14=P|15=P|16=P|17=P|18=P|19=P|20=P	4=|5=|6=|7=|8=|9=|10=|11=|12=|13=|14=|15=|16=|17=|18=|19=|20=	4=8|5=9|6=9|7=11|8=5|9=11|10=0|11=0|12=0|13=11|14=0|15=11|16=0|17=0|18=0|19=0|20=0	4=det|5=det|6=det|7=det|8=dep|9=det|10=_|11=_|12=_|13=det|14=_|15=det|16=_|17=_|18=_|19=_|20=_	4=1|5=1|6=1|7=1|8=1|9=1|10=1|11=1|12=1|13=1|14=1|15=1|16=1|17=1|18=1|19=1|20=1
.	0	4	107	429690	429736	1155	␣	23	23	1	keyboard	166	True	na	na	na	na	na	na	na	na	na
.	0	4	108	429861	429892	125	␣	24	24	1	keyboard	167	True	na	na	na	na	na	na	na	na	na
.	0	4	109	430002	430048	110	␣	25	25	1	keyboard	168	True	na	na	na	na	na	na	na	na	na
.	0	4	110	430126	430236	78	␣	26	26	1	keyboard	169	True	na	na	na	na	na	na	na	na	na
.	0	4	111	431390	431499	1154	L	27	27	1	keyboard	170	True	4=7|5=7|6=7|7=7|8=7|9=7|10=7|11=7|12=7|13=7|14=7|15=7|16=7|17=7|18=7|19=7|20=7	4=LA|5=LA|6=LA|7=LA|8=LA|9=LA|10=LA|11=LA|12=LA|13=LA|14=LA|15=LA|16=LA|17=LA|18=LA|19=LA|20=LA	4=_|5=_|6=_|7=_|8=la|9=_|10=la|11=la|12=la|13=_|14=la|15=_|16=la|17=la|18=la|19=la|20=la	4=_|5=_|6=_|7=_|8=DET|9=_|10=DET|11=DET|12=DET|13=_|14=DET|15=_|16=DET|17=DET|18=DET|19=DET|20=DET	4=DET|5=DET|6=DET|7=DET|8=DET|9=DET|10=DET|11=DET|12=DET|13=DET|14=DET|15=DET|16=DET|17=DET|18=DET|19=DET|20=DET	4=n=s|g=f|5=n=s|g=f|6=n=s|g=f|7=n=s|g=f|8=n=s|g=f|9=n=s|g=f|10=n=s|g=f|11=n=s|g=f|12=n=s|g=f|13=n=s|g=f|14=n=s|g=f|15=n=s|g=f|16=n=s|g=f|17=n=s|g=f|18=n=s|g=f|19=n=s|g=f|20=n=s|g=f	4=6|5=6|6=6|7=6|8=11|9=6|10=11|11=11|12=11|13=6|14=11|15=6|16=11|17=11|18=11|19=11|20=11	4=fixed|5=fixed|6=fixed|7=fixed|8=det|9=fixed|10=det|11=det|12=det|13=fixed|14=det|15=fixed|16=det|17=det|18=det|19=det|20=det	4=1|5=1|6=1|7=1|8=1|9=1|10=1|11=1|12=1|13=1|14=1|15=1|16=1|17=1|18=1|19=1|20=1
.	0	4	112	431811	431936	312	A	28	28	1	keyboard	171	True	4=7|5=7|6=7|7=7|8=7|9=7|10=7|11=7|12=7|13=7|14=7|15=7|16=7|17=7|18=7|19=7|20=7	4=LA|5=LA|6=LA|7=LA|8=LA|9=LA|10=LA|11=LA|12=LA|13=LA|14=LA|15=LA|16=LA|17=LA|18=LA|19=LA|20=LA	4=_|5=_|6=_|7=_|8=la|9=_|10=la|11=la|12=la|13=_|14=la|15=_|16=la|17=la|18=la|19=la|20=la	4=_|5=_|6=_|7=_|8=DET|9=_|10=DET|11=DET|12=DET|13=_|14=DET|15=_|16=DET|17=DET|18=DET|19=DET|20=DET	4=DET|5=DET|6=DET|7=DET|8=DET|9=DET|10=DET|11=DET|12=DET|13=DET|14=DET|15=DET|16=DET|17=DET|18=DET|19=DET|20=DET	4=n=s|g=f|5=n=s|g=f|6=n=s|g=f|7=n=s|g=f|8=n=s|g=f|9=n=s|g=f|10=n=s|g=f|11=n=s|g=f|12=n=s|g=f|13=n=s|g=f|14=n=s|g=f|15=n=s|g=f|16=n=s|g=f|17=n=s|g=f|18=n=s|g=f|19=n=s|g=f|20=n=s|g=f	4=6|5=6|6=6|7=6|8=11|9=6|10=11|11=11|12=11|13=6|14=11|15=6|16=11|17=11|18=11|19=11|20=11	4=fixed|5=fixed|6=fixed|7=fixed|8=det|9=fixed|10=det|11=det|12=det|13=fixed|14=det|15=fixed|16=det|17=det|18=det|19=det|20=det	4=1|5=1|6=1|7=1|8=1|9=1|10=1|11=1|12=1|13=1|14=1|15=1|16=1|17=1|18=1|19=1|20=1
.	0	4	113	432966	433012	1030	␣	29	29	1	keyboard	172	True	na	na	na	na	na	na	na	na	na
.	0	4	114	433106	433168	94	␣	30	30	1	keyboard	173	True	na	na	na	na	na	na	na	na	na
.	0	4	115	433246	433309	78	␣	31	31	1	keyboard	174	True	na	na	na	na	na	na	na	na	na
.	0	4	116	433356	433449	47	␣	32	32	1	keyboard	175	True	na	na	na	na	na	na	na	na	na
.	0	4	117	441670	441936	8221	V	33	33	1	keyboard	176	True	4=8|5=9|6=9|7=11|8=11|9=11|10=11|11=11|12=11|13=11|14=11|15=11|16=11|17=11|18=11|19=11|20=11	4=VIOLANA|5=VIOLAN|6=VIOLAN|7=VIOLANSE|8=VIOLANSE|9=VIOLANSE|10=VIOLANSE|11=VIOLANSE|12=VIOLANSE|13=VIOLANSE|14=VIOLANSE|15=VIOLANSE|16=VIOLANSE|17=VIOLANSE|18=VIOLANSE|19=VIOLANSE|20=VIOLANSE	4=violence|5=violence|6=violence|7=violence|8=_|9=violence|10=_|11=_|12=_|13=violence|14=_|15=violence|16=_|17=_|18=_|19=_|20=_	4=NC|5=NC|6=NC|7=NC|8=NC|9=NC|10=NPP|11=NPP|12=NPP|13=NC|14=NPP|15=NC|16=NPP|17=NPP|18=NPP|19=NPP|20=NPP	4=NPP|5=NC|6=NPP|7=NPP|8=NC|9=NPP|10=NPP|11=NPP|12=NPP|13=NPP|14=NPP|15=NPP|16=NPP|17=NPP|18=NPP|19=NPP|20=NPP	4=|5=|6=|7=|8=|9=|10=|11=|12=|13=|14=|15=|16=|17=|18=|19=|20=	4=5|5=5|6=5|7=5|8=6|9=5|10=6|11=6|12=6|13=5|14=6|15=5|16=6|17=6|18=6|19=6|20=6	4=obj|5=obj|6=obj|7=obj|8=prep|9=obj|10=prep|11=prep|12=prep|13=obj|14=prep|15=obj|16=prep|17=prep|18=prep|19=prep|20=prep	4=1|5=1|6=1|7=1|8=1|9=1|10=1|11=1|12=1|13=1|14=1|15=1|16=1|17=1|18=1|19=1|20=1
.	0	4	118	442856	443215	920	I	34	34	1	keyboard	177	True	4=8|5=9|6=9|7=11|8=11|9=11|10=11|11=11|12=11|13=11|14=11|15=11|16=11|17=11|18=11|19=11|20=11	4=VIOLANA|5=VIOLAN|6=VIOLAN|7=VIOLANSE|8=VIOLANSE|9=VIOLANSE|10=VIOLANSE|11=VIOLANSE|12=VIOLANSE|13=VIOLANSE|14=VIOLANSE|15=VIOLANSE|16=VIOLANSE|17=VIOLANSE|18=VIOLANSE|19=VIOLANSE|20=VIOLANSE	4=violence|5=violence|6=violence|7=violence|8=_|9=violence|10=_|11=_|12=_|13=violence|14=_|15=violence|16=_|17=_|18=_|19=_|20=_	4=NC|5=NC|6=NC|7=NC|8=NC|9=NC|10=NPP|11=NPP|12=NPP|13=NC|14=NPP|15=NC|16=NPP|17=NPP|18=NPP|19=NPP|20=NPP	4=NPP|5=NC|6=NPP|7=NPP|8=NC|9=NPP|10=NPP|11=NPP|12=NPP|13=NPP|14=NPP|15=NPP|16=NPP|17=NPP|18=NPP|19=NPP|20=NPP	4=|5=|6=|7=|8=|9=|10=|11=|12=|13=|14=|15=|16=|17=|18=|19=|20=	4=5|5=5|6=5|7=5|8=6|9=5|10=6|11=6|12=6|13=5|14=6|15=5|16=6|17=6|18=6|19=6|20=6	4=obj|5=obj|6=obj|7=obj|8=prep|9=obj|10=prep|11=prep|12=prep|13=obj|14=prep|15=obj|16=prep|17=prep|18=prep|19=prep|20=prep	4=1|5=1|6=1|7=1|8=1|9=1|10=1|11=1|12=1|13=1|14=1|15=1|16=1|17=1|18=1|19=1|20=1
.	0	4	119	443917	444291	702	O	35	35	1	keyboard	178	True	4=8|5=9|6=9|7=11|8=11|9=11|10=11|11=11|12=11|13=11|14=11|15=11|16=11|17=11|18=11|19=11|20=11	4=VIOLANA|5=VIOLAN|6=VIOLAN|7=VIOLANSE|8=VIOLANSE|9=VIOLANSE|10=VIOLANSE|11=VIOLANSE|12=VIOLANSE|13=VIOLANSE|14=VIOLANSE|15=VIOLANSE|16=VIOLANSE|17=VIOLANSE|18=VIOLANSE|19=VIOLANSE|20=VIOLANSE	4=violence|5=violence|6=violence|7=violence|8=_|9=violence|10=_|11=_|12=_|13=violence|14=_|15=violence|16=_|17=_|18=_|19=_|20=_	4=NC|5=NC|6=NC|7=NC|8=NC|9=NC|10=NPP|11=NPP|12=NPP|13=NC|14=NPP|15=NC|16=NPP|17=NPP|18=NPP|19=NPP|20=NPP	4=NPP|5=NC|6=NPP|7=NPP|8=NC|9=NPP|10=NPP|11=NPP|12=NPP|13=NPP|14=NPP|15=NPP|16=NPP|17=NPP|18=NPP|19=NPP|20=NPP	4=|5=|6=|7=|8=|9=|10=|11=|12=|13=|14=|15=|16=|17=|18=|19=|20=	4=5|5=5|6=5|7=5|8=6|9=5|10=6|11=6|12=6|13=5|14=6|15=5|16=6|17=6|18=6|19=6|20=6	4=obj|5=obj|6=obj|7=obj|8=prep|9=obj|10=prep|11=prep|12=prep|13=obj|14=prep|15=obj|16=prep|17=prep|18=prep|19=prep|20=prep	4=1|5=1|6=1|7=1|8=1|9=1|10=1|11=1|12=1|13=1|14=1|15=1|16=1|17=1|18=1|19=1|20=1
.	0	4	120	445664	445992	1373	L	36	36	1	keyboard	179	True	4=8|5=9|6=9|7=11|8=11|9=11|10=11|11=11|12=11|13=11|14=11|15=11|16=11|17=11|18=11|19=11|20=11	4=VIOLANA|5=VIOLAN|6=VIOLAN|7=VIOLANSE|8=VIOLANSE|9=VIOLANSE|10=VIOLANSE|11=VIOLANSE|12=VIOLANSE|13=VIOLANSE|14=VIOLANSE|15=VIOLANSE|16=VIOLANSE|17=VIOLANSE|18=VIOLANSE|19=VIOLANSE|20=VIOLANSE	4=violence|5=violence|6=violence|7=violence|8=_|9=violence|10=_|11=_|12=_|13=violence|14=_|15=violence|16=_|17=_|18=_|19=_|20=_	4=NC|5=NC|6=NC|7=NC|8=NC|9=NC|10=NPP|11=NPP|12=NPP|13=NC|14=NPP|15=NC|16=NPP|17=NPP|18=NPP|19=NPP|20=NPP	4=NPP|5=NC|6=NPP|7=NPP|8=NC|9=NPP|10=NPP|11=NPP|12=NPP|13=NPP|14=NPP|15=NPP|16=NPP|17=NPP|18=NPP|19=NPP|20=NPP	4=|5=|6=|7=|8=|9=|10=|11=|12=|13=|14=|15=|16=|17=|18=|19=|20=	4=5|5=5|6=5|7=5|8=6|9=5|10=6|11=6|12=6|13=5|14=6|15=5|16=6|17=6|18=6|19=6|20=6	4=obj|5=obj|6=obj|7=obj|8=prep|9=obj|10=prep|11=prep|12=prep|13=obj|14=prep|15=obj|16=prep|17=prep|18=prep|19=prep|20=prep	4=1|5=1|6=1|7=1|8=1|9=1|10=1|11=1|12=1|13=1|14=1|15=1|16=1|17=1|18=1|19=1|20=1
.	0	4	121	446943	447193	951	A	37	37	1	keyboard	180	True	4=8|5=9|6=9|7=11|8=11|9=11|10=11|11=11|12=11|13=11|14=11|15=11|16=11|17=11|18=11|19=11|20=11	4=VIOLANA|5=VIOLAN|6=VIOLAN|7=VIOLANSE|8=VIOLANSE|9=VIOLANSE|10=VIOLANSE|11=VIOLANSE|12=VIOLANSE|13=VIOLANSE|14=VIOLANSE|15=VIOLANSE|16=VIOLANSE|17=VIOLANSE|18=VIOLANSE|19=VIOLANSE|20=VIOLANSE	4=violence|5=violence|6=violence|7=violence|8=_|9=violence|10=_|11=_|12=_|13=violence|14=_|15=violence|16=_|17=_|18=_|19=_|20=_	4=NC|5=NC|6=NC|7=NC|8=NC|9=NC|10=NPP|11=NPP|12=NPP|13=NC|14=NPP|15=NC|16=NPP|17=NPP|18=NPP|19=NPP|20=NPP	4=NPP|5=NC|6=NPP|7=NPP|8=NC|9=NPP|10=NPP|11=NPP|12=NPP|13=NPP|14=NPP|15=NPP|16=NPP|17=NPP|18=NPP|19=NPP|20=NPP	4=|5=|6=|7=|8=|9=|10=|11=|12=|13=|14=|15=|16=|17=|18=|19=|20=	4=5|5=5|6=5|7=5|8=6|9=5|10=6|11=6|12=6|13=5|14=6|15=5|16=6|17=6|18=6|19=6|20=6	4=obj|5=obj|6=obj|7=obj|8=prep|9=obj|10=prep|11=prep|12=prep|13=obj|14=prep|15=obj|16=prep|17=prep|18=prep|19=prep|20=prep	4=1|5=1|6=1|7=1|8=1|9=1|10=1|11=1|12=1|13=1|14=1|15=1|16=1|17=1|18=1|19=1|20=1
.	0	4	122	447910	448066	717	N	38	38	1	keyboard	181	True	4=8|5=9|6=9|7=11|8=11|9=11|10=11|11=11|12=11|13=11|14=11|15=11|16=11|17=11|18=11|19=11|20=11	4=VIOLANA|5=VIOLAN|6=VIOLAN|7=VIOLANSE|8=VIOLANSE|9=VIOLANSE|10=VIOLANSE|11=VIOLANSE|12=VIOLANSE|13=VIOLANSE|14=VIOLANSE|15=VIOLANSE|16=VIOLANSE|17=VIOLANSE|18=VIOLANSE|19=VIOLANSE|20=VIOLANSE	4=violence|5=violence|6=violence|7=violence|8=_|9=violence|10=_|11=_|12=_|13=violence|14=_|15=violence|16=_|17=_|18=_|19=_|20=_	4=NC|5=NC|6=NC|7=NC|8=NC|9=NC|10=NPP|11=NPP|12=NPP|13=NC|14=NPP|15=NC|16=NPP|17=NPP|18=NPP|19=NPP|20=NPP	4=NPP|5=NC|6=NPP|7=NPP|8=NC|9=NPP|10=NPP|11=NPP|12=NPP|13=NPP|14=NPP|15=NPP|16=NPP|17=NPP|18=NPP|19=NPP|20=NPP	4=|5=|6=|7=|8=|9=|10=|11=|12=|13=|14=|15=|16=|17=|18=|19=|20=	4=5|5=5|6=5|7=5|8=6|9=5|10=6|11=6|12=6|13=5|14=6|15=5|16=6|17=6|18=6|19=6|20=6	4=obj|5=obj|6=obj|7=obj|8=prep|9=obj|10=prep|11=prep|12=prep|13=obj|14=prep|15=obj|16=prep|17=prep|18=prep|19=prep|20=prep	4=1|5=1|6=1|7=1|8=1|9=1|10=1|11=1|12=1|13=1|14=1|15=1|16=1|17=1|18=1|19=1|20=1
.	0	4	123	454166	454338	6100	A	39	39	1	keyboard	182	False	4=8	4=VIOLANA	4=violence	4=NC	4=NPP	4=	4=5	4=obj	4=1
.	0	4	124	455133	455196	795	␣	40	40	1	keyboard	183	False	na	na	na	na	na	na	na	na	na
.	0	4	125	455289	455367	93	␣	41	41	1	keyboard	184	False	na	na	na	na	na	na	na	na	na
.	0	4	126	455461	455508	94	␣	42	42	1	keyboard	185	False	na	na	na	na	na	na	na	na	na
.	0	4	127	455633	455679	125	␣	43	43	1	keyboard	186	False	na	na	na	na	na	na	na	na	na
.	0	4	128	455820	455867	141	␣	44	44	1	keyboard	187	False	na	na	na	na	na	na	na	na	na
.	0	4	129	457161	457224	1294	⌫	45	45	-1	keyboard	188	na	na	na	na	na	na	na	na	na	na
.	0	4	130	457317	457380	93	⌫	44	44	-1	keyboard	189	na	na	na	na	na	na	na	na	na	na
.	0	4	131	457473	457551	93	⌫	43	43	-1	keyboard	190	na	na	na	na	na	na	na	na	na	na
.	0	4	132	457629	457707	78	⌫	42	42	-1	keyboard	191	na	na	na	na	na	na	na	na	na	na
.	0	4	133	457801	457863	94	⌫	41	41	-1	keyboard	192	na	na	na	na	na	na	na	na	na	na
.	0	4	134	457941	458066	78	⌫	40	40	-1	keyboard	193	na	na	na	na	na	na	na	na	na	na
.	0	4	135	459049	459127	983	␣	39	39	1	keyboard	194	True	na	na	na	na	na	na	na	na	na
.	0	4	136	459221	459267	94	␣	40	40	1	keyboard	195	True	na	na	na	na	na	na	na	na	na
.	0	4	137	459345	459408	78	␣	41	41	1	keyboard	196	True	na	na	na	na	na	na	na	na	na
.	0	4	138	459501	459579	93	␣	42	42	1	keyboard	197	True	na	na	na	na	na	na	na	na	na
.	0	4	139	459626	459720	47	␣	43	43	1	keyboard	198	False	na	na	na	na	na	na	na	na	na
.	0	4	140	459767	459876	47	␣	44	44	1	keyboard	199	False	na	na	na	na	na	na	na	na	na
.	0	4	141	460531	460671	655	A	45	45	1	keyboard	200	False	6=10|7=10	6=A|7=A	6=à|7=à	6=P|7=P	6=P|7=P	6=|7=	6=0|7=5	6=x|7=mod	6=1|7=1
.	0	4	142	476927	477036	16256	S	39	46	1	keyboard	201	True	7=11|8=11|9=11|10=11|11=11|12=11|13=11|14=11|15=11|16=11|17=11|18=11|19=11|20=11	7=VIOLANSE|8=VIOLANSE|9=VIOLANSE|10=VIOLANSE|11=VIOLANSE|12=VIOLANSE|13=VIOLANSE|14=VIOLANSE|15=VIOLANSE|16=VIOLANSE|17=VIOLANSE|18=VIOLANSE|19=VIOLANSE|20=VIOLANSE	7=violence|8=_|9=violence|10=_|11=_|12=_|13=violence|14=_|15=violence|16=_|17=_|18=_|19=_|20=_	7=NC|8=NC|9=NC|10=NPP|11=NPP|12=NPP|13=NC|14=NPP|15=NC|16=NPP|17=NPP|18=NPP|19=NPP|20=NPP	7=NPP|8=NC|9=NPP|10=NPP|11=NPP|12=NPP|13=NPP|14=NPP|15=NPP|16=NPP|17=NPP|18=NPP|19=NPP|20=NPP	7=|8=|9=|10=|11=|12=|13=|14=|15=|16=|17=|18=|19=|20=	7=5|8=6|9=5|10=6|11=6|12=6|13=5|14=6|15=5|16=6|17=6|18=6|19=6|20=6	7=obj|8=prep|9=obj|10=prep|11=prep|12=prep|13=obj|14=prep|15=obj|16=prep|17=prep|18=prep|19=prep|20=prep	7=1|8=1|9=1|10=1|11=1|12=1|13=1|14=1|15=1|16=1|17=1|18=1|19=1|20=1
.	0	4	143	477114	477207	78	E	40	47	1	keyboard	202	True	7=11|8=11|9=11|10=11|11=11|12=11|13=11|14=11|15=11|16=11|17=11|18=11|19=11|20=11	7=VIOLANSE|8=VIOLANSE|9=VIOLANSE|10=VIOLANSE|11=VIOLANSE|12=VIOLANSE|13=VIOLANSE|14=VIOLANSE|15=VIOLANSE|16=VIOLANSE|17=VIOLANSE|18=VIOLANSE|19=VIOLANSE|20=VIOLANSE	7=violence|8=_|9=violence|10=_|11=_|12=_|13=violence|14=_|15=violence|16=_|17=_|18=_|19=_|20=_	7=NC|8=NC|9=NC|10=NPP|11=NPP|12=NPP|13=NC|14=NPP|15=NC|16=NPP|17=NPP|18=NPP|19=NPP|20=NPP	7=NPP|8=NC|9=NPP|10=NPP|11=NPP|12=NPP|13=NPP|14=NPP|15=NPP|16=NPP|17=NPP|18=NPP|19=NPP|20=NPP	7=|8=|9=|10=|11=|12=|13=|14=|15=|16=|17=|18=|19=|20=	7=5|8=6|9=5|10=6|11=6|12=6|13=5|14=6|15=5|16=6|17=6|18=6|19=6|20=6	7=obj|8=prep|9=obj|10=prep|11=prep|12=prep|13=obj|14=prep|15=obj|16=prep|17=prep|18=prep|19=prep|20=prep	7=1|8=1|9=1|10=1|11=1|12=1|13=1|14=1|15=1|16=1|17=1|18=1|19=1|20=1
.	0	4	144	482512	482652	5305	⌫	48	48	-1	keyboard	203	na	na	na	na	na	na	na	na	na	na
.	0	4	145	485226	485366	2574	⌫	47	47	-1	keyboard	204	na	na	na	na	na	na	na	na	na	na
.	0	4	146	485522	485632	156	⌫	46	46	-1	keyboard	205	na	na	na	na	na	na	na	na	na	na
.	0	4	147	487691	487847	2059	C	45	45	1	keyboard	206	True	9=12|10=12|11=12|12=12|13=12|14=12|15=12|16=12|17=12|18=12|19=12|20=12	9=CAR|10=CAR|11=CAR|12=CAR|13=CAR|14=CAR|15=CAR|16=CAR|17=CAR|18=CAR|19=CAR|20=CAR	9=car|10=car|11=car|12=car|13=car|14=car|15=car|16=car|17=car|18=car|19=car|20=car	9=CS|10=CS|11=CS|12=CS|13=CS|14=CS|15=CS|16=CS|17=CS|18=CS|19=CS|20=CS	9=CS|10=CS|11=CS|12=CS|13=CS|14=CS|15=CS|16=CS|17=CS|18=CS|19=CS|20=CS	9=|10=|11=|12=|13=|14=|15=|16=|17=|18=|19=|20=	9=5|10=0|11=0|12=0|13=5|14=0|15=5|16=0|17=0|18=0|19=0|20=0	9=mod|10=_|11=_|12=_|13=mod|14=_|15=mod|16=_|17=_|18=_|19=_|20=_	9=1|10=1|11=1|12=1|13=1|14=1|15=1|16=1|17=1|18=1|19=1|20=1
.	0	4	148	488050	488221	203	A	46	46	1	keyboard	207	True	9=12|10=12|11=12|12=12|13=12|14=12|15=12|16=12|17=12|18=12|19=12|20=12	9=CAR|10=CAR|11=CAR|12=CAR|13=CAR|14=CAR|15=CAR|16=CAR|17=CAR|18=CAR|19=CAR|20=CAR	9=car|10=car|11=car|12=car|13=car|14=car|15=car|16=car|17=car|18=car|19=car|20=car	9=CS|10=CS|11=CS|12=CS|13=CS|14=CS|15=CS|16=CS|17=CS|18=CS|19=CS|20=CS	9=CS|10=CS|11=CS|12=CS|13=CS|14=CS|15=CS|16=CS|17=CS|18=CS|19=CS|20=CS	9=|10=|11=|12=|13=|14=|15=|16=|17=|18=|19=|20=	9=5|10=0|11=0|12=0|13=5|14=0|15=5|16=0|17=0|18=0|19=0|20=0	9=mod|10=_|11=_|12=_|13=mod|14=_|15=mod|16=_|17=_|18=_|19=_|20=_	9=1|10=1|11=1|12=1|13=1|14=1|15=1|16=1|17=1|18=1|19=1|20=1
.	0	4	149	488408	488502	187	R	47	47	1	keyboard	208	True	9=12|10=12|11=12|12=12|13=12|14=12|15=12|16=12|17=12|18=12|19=12|20=12	9=CAR|10=CAR|11=CAR|12=CAR|13=CAR|14=CAR|15=CAR|16=CAR|17=CAR|18=CAR|19=CAR|20=CAR	9=car|10=car|11=car|12=car|13=car|14=car|15=car|16=car|17=car|18=car|19=car|20=car	9=CS|10=CS|11=CS|12=CS|13=CS|14=CS|15=CS|16=CS|17=CS|18=CS|19=CS|20=CS	9=CS|10=CS|11=CS|12=CS|13=CS|14=CS|15=CS|16=CS|17=CS|18=CS|19=CS|20=CS	9=|10=|11=|12=|13=|14=|15=|16=|17=|18=|19=|20=	9=5|10=0|11=0|12=0|13=5|14=0|15=5|16=0|17=0|18=0|19=0|20=0	9=mod|10=_|11=_|12=_|13=mod|14=_|15=mod|16=_|17=_|18=_|19=_|20=_	9=1|10=1|11=1|12=1|13=1|14=1|15=1|16=1|17=1|18=1|19=1|20=1
.	0	4	150	490280	490390	1778	␣	48	48	1	keyboard	209	True	na	na	na	na	na	na	na	na	na
.	0	4	151	490514	490592	124	␣	49	49	1	keyboard	210	True	na	na	na	na	na	na	na	na	na
.	0	4	152	490733	490811	141	␣	50	50	1	keyboard	211	True	na	na	na	na	na	na	na	na	na
.	0	4	153	490951	491014	140	␣	51	51	1	keyboard	212	True	na	na	na	na	na	na	na	na	na
.	0	4	154	493229	493369	2215	O	52	52	1	keyboard	213	True	9=13|10=13|11=13|12=13|13=13|14=13|15=13|16=13|17=13|18=13|19=13|20=13	9=ON|10=ON|11=ON|12=ON|13=ON|14=ON|15=ON|16=ON|17=ON|18=ON|19=ON|20=ON	9=on|10=on|11=on|12=on|13=on|14=on|15=on|16=on|17=on|18=on|19=on|20=on	9=CLS|10=CLS|11=CLS|12=CLS|13=CLS|14=CLS|15=CLS|16=CLS|17=CLS|18=CLS|19=CLS|20=CLS	9=CLS|10=CLS|11=CLS|12=CLS|13=CLS|14=CLS|15=CLS|16=CLS|17=CLS|18=CLS|19=CLS|20=CLS	9=n=s|p=3|10=n=s|p=3|11=n=s|p=3|12=n=s|p=3|13=n=s|p=3|14=n=s|p=3|15=n=s|p=3|16=n=s|p=3|17=n=s|p=3|18=n=s|p=3|19=n=s|p=3|20=n=s|p=3	9=0|10=0|11=0|12=0|13=0|14=0|15=17|16=28|17=28|18=28|19=28|20=28	9=x|10=_|11=_|12=_|13=x|14=_|15=suj|16=suj|17=suj|18=suj|19=suj|20=suj	9=1|10=1|11=1|12=1|13=1|14=1|15=1|16=1|17=1|18=1|19=1|20=1
.	0	4	155	493837	493962	468	N	53	53	1	keyboard	214	True	9=13|10=13|11=13|12=13|13=13|14=13|15=13|16=13|17=13|18=13|19=13|20=13	9=ON|10=ON|11=ON|12=ON|13=ON|14=ON|15=ON|16=ON|17=ON|18=ON|19=ON|20=ON	9=on|10=on|11=on|12=on|13=on|14=on|15=on|16=on|17=on|18=on|19=on|20=on	9=CLS|10=CLS|11=CLS|12=CLS|13=CLS|14=CLS|15=CLS|16=CLS|17=CLS|18=CLS|19=CLS|20=CLS	9=CLS|10=CLS|11=CLS|12=CLS|13=CLS|14=CLS|15=CLS|16=CLS|17=CLS|18=CLS|19=CLS|20=CLS	9=n=s|p=3|10=n=s|p=3|11=n=s|p=3|12=n=s|p=3|13=n=s|p=3|14=n=s|p=3|15=n=s|p=3|16=n=s|p=3|17=n=s|p=3|18=n=s|p=3|19=n=s|p=3|20=n=s|p=3	9=0|10=0|11=0|12=0|13=0|14=0|15=17|16=28|17=28|18=28|19=28|20=28	9=x|10=_|11=_|12=_|13=x|14=_|15=suj|16=suj|17=suj|18=suj|19=suj|20=suj	9=1|10=1|11=1|12=1|13=1|14=1|15=1|16=1|17=1|18=1|19=1|20=1
.	0	4	156	494352	494508	390	␣	54	54	1	keyboard	215	True	na	na	na	na	na	na	na	na	na
.	0	4	157	494851	494976	343	␣	55	55	1	keyboard	216	False	na	na	na	na	na	na	na	na	na
.	0	4	158	499328	499484	4352	N	56	56	1	keyboard	217	False	9=14	9=N	9=ne	9=ADV	9=NPP	9=	9=0	9=x	9=1
.	0	4	159	499750	499890	266	␣	57	57	1	keyboard	218	False	na	na	na	na	na	na	na	na	na
.	0	4	160	509827	509921	9937	⌫	58	58	-1	keyboard	219	na	na	na	na	na	na	na	na	na	na
.	0	4	161	510014	510077	93	⌫	57	57	-1	keyboard	220	na	na	na	na	na	na	na	na	na	na
.	0	4	162	510139	510233	62	⌫	56	56	-1	keyboard	221	na	na	na	na	na	na	na	na	na	na
.	0	4	163	512152	512198	1919	␣	55	55	1	keyboard	222	True	na	na	na	na	na	na	na	na	na
.	0	4	164	512261	512354	63	␣	56	56	1	keyboard	223	True	na	na	na	na	na	na	na	na	na
.	0	4	165	512401	512495	47	␣	57	57	1	keyboard	224	True	na	na	na	na	na	na	na	na	na
.	0	4	166	512526	512620	31	␣	58	58	1	keyboard	225	True	na	na	na	na	na	na	na	na	na
.	0	4	167	512698	512760	78	␣	59	59	1	keyboard	226	False	na	na	na	na	na	na	na	na	na
.	0	4	168	512822	512916	62	␣	60	60	1	keyboard	227	False	na	na	na	na	na	na	na	na	na
.	0	4	169	512963	513212	47	␣	61	61	1	keyboard	228	False	na	na	na	na	na	na	na	na	na
.	0	4	170	513259	513353	47	␣	62	62	1	keyboard	229	False	na	na	na	na	na	na	na	na	na
.	0	4	171	516083	516348	2730	⌫	63	63	-1	keyboard	230	na	na	na	na	na	na	na	na	na	na
.	0	4	172	516676	516925	328	⌫	62	62	-1	keyboard	231	na	na	na	na	na	na	na	na	na	na
.	0	4	173	517175	517347	250	⌫	61	61	-1	keyboard	232	na	na	na	na	na	na	na	na	na	na
.	0	4	174	522697	522791	5350	V	60	60	1	keyboard	233	False	13=15	13=VJNFJGKMJLFNJ	13=_	13=X	13=NPP	13=	13=0	13=unknown	13=1
.	0	4	175	522744	522963		J	61	61	1	keyboard	234	False	13=15	13=VJNFJGKMJLFNJ	13=_	13=X	13=NPP	13=	13=0	13=unknown	13=1
.	0	4	176	522900	523072		N	62	62	1	keyboard	235	False	13=15	13=VJNFJGKMJLFNJ	13=_	13=X	13=NPP	13=	13=0	13=unknown	13=1
.	0	4	177	523259	523477	187	F	63	63	1	keyboard	236	False	13=15	13=VJNFJGKMJLFNJ	13=_	13=X	13=NPP	13=	13=0	13=unknown	13=1
.	0	4	178	523290	523431		J	64	64	1	keyboard	237	False	13=15	13=VJNFJGKMJLFNJ	13=_	13=X	13=NPP	13=	13=0	13=unknown	13=1
.	0	4	179	523477	523680	46	G	65	65	1	keyboard	238	False	13=15	13=VJNFJGKMJLFNJ	13=_	13=X	13=NPP	13=	13=0	13=unknown	13=1
.	0	4	180	523571	523821		K	66	66	1	keyboard	239	False	13=15	13=VJNFJGKMJLFNJ	13=_	13=X	13=NPP	13=	13=0	13=unknown	13=1
.	0	4	181	523665	523774		M	67	67	1	keyboard	240	False	13=15	13=VJNFJGKMJLFNJ	13=_	13=X	13=NPP	13=	13=0	13=unknown	13=1
.	0	4	182	523680	523774		J	68	68	1	keyboard	241	False	13=15	13=VJNFJGKMJLFNJ	13=_	13=X	13=NPP	13=	13=0	13=unknown	13=1
.	0	4	183	523680	523821		L	69	69	1	keyboard	242	False	13=15	13=VJNFJGKMJLFNJ	13=_	13=X	13=NPP	13=	13=0	13=unknown	13=1
.	0	4	184	523774	523945		F	70	70	1	keyboard	243	False	13=15	13=VJNFJGKMJLFNJ	13=_	13=X	13=NPP	13=	13=0	13=unknown	13=1
.	0	4	185	523789	524039		N	71	71	1	keyboard	244	False	13=15	13=VJNFJGKMJLFNJ	13=_	13=X	13=NPP	13=	13=0	13=unknown	13=1
.	0	4	186	524101	524382	62	J	72	72	1	keyboard	245	False	13=15	13=VJNFJGKMJLFNJ	13=_	13=X	13=NPP	13=	13=0	13=unknown	13=1
.	0	4	187	569544	569591	45162	⌫	73	73	-1	keyboard	246	na	na	na	na	na	na	na	na	na	na
.	0	4	188	569685	569778	94	⌫	72	72	-1	keyboard	247	na	na	na	na	na	na	na	na	na	na
.	0	4	189	569856	569919	78	⌫	71	71	-1	keyboard	248	na	na	na	na	na	na	na	na	na	na
.	0	4	190	570028	570075	109	⌫	70	70	-1	keyboard	249	na	na	na	na	na	na	na	na	na	na
.	0	4	191	570168	570262	93	⌫	69	69	-1	keyboard	250	na	na	na	na	na	na	na	na	na	na
.	0	4	192	570371	570449	109	⌫	68	68	-1	keyboard	251	na	na	na	na	na	na	na	na	na	na
.	0	4	193	570543	570621	94	⌫	67	67	-1	keyboard	252	na	na	na	na	na	na	na	na	na	na
.	0	4	194	570714	570792	93	⌫	66	66	-1	keyboard	253	na	na	na	na	na	na	na	na	na	na
.	0	4	195	570886	570980	94	⌫	65	65	-1	keyboard	254	na	na	na	na	na	na	na	na	na	na
.	0	4	196	571089	571167	109	⌫	64	64	-1	keyboard	255	na	na	na	na	na	na	na	na	na	na
.	0	4	197	571276	571370	109	⌫	63	63	-1	keyboard	256	na	na	na	na	na	na	na	na	na	na
.	0	4	198	571494	571604	124	⌫	62	62	-1	keyboard	257	na	na	na	na	na	na	na	na	na	na
.	0	4	199	571666	571806	62	⌫	61	61	-1	keyboard	258	na	na	na	na	na	na	na	na	na	na
.	0	4	200	573039	573179	1233	⌫	60	60	-1	keyboard	259	na	na	na	na	na	na	na	na	na	na
.	0	4	201	580043	580246	6864	␣	59	59	1	keyboard	260	True	na	na	na	na	na	na	na	na	na
.	0	4	202	580387	580574	141	␣	60	60	1	keyboard	261	True	na	na	na	na	na	na	na	na	na
.	0	4	203	581198	581369	624	N	61	61	1	keyboard	262	True	15=16|16=16|17=16|18=16|19=16|20=16	15=N|16=N|17=N|18=N|19=N|20=N	15=ne|16=_|17=_|18=_|19=_|20=_	15=ADV|16=NPP|17=NPP|18=NPP|19=NPP|20=NPP	15=NPP|16=NPP|17=NPP|18=NPP|19=NPP|20=NPP	15=|16=|17=|18=|19=|20=	15=17|16=28|17=28|18=28|19=28|20=28	15=mod|16=suj|17=suj|18=suj|19=suj|20=suj	15=1|16=1|17=1|18=1|19=1|20=1
.	0	4	204	583148	583382	1779	␣	62	62	1	keyboard	263	True	na	na	na	na	na	na	na	na	na
.	0	4	205	585238	585394	1856	␣	63	63	1	keyboard	264	True	na	na	na	na	na	na	na	na	na
.	0	4	206	585566	585659	172	␣	64	64	1	keyboard	265	True	na	na	na	na	na	na	na	na	na
.	0	4	207	585956	586018	297	␣	65	65	1	keyboard	266	True	na	na	na	na	na	na	na	na	na
.	0	4	208	587609	587750	1591	E	66	66	1	keyboard	267	True	15=17|16=17|17=17|18=17|19=17|20=17	15=ES|16=ES|17=ES|18=ES|19=ES|20=ES	15=être|16=être|17=être|18=être|19=être|20=être	15=V|16=V|17=V|18=V|19=V|20=V	15=V|16=V|17=V|18=V|19=V|20=V	15=n=s|t=P|p=2|16=n=s|t=P|p=2|17=n=s|t=P|p=2|18=n=s|t=P|p=2|19=n=s|t=P|p=2|20=n=s|t=P|p=2	15=12|16=28|17=28|18=28|19=28|20=28	15=sub|16=mod|17=mod|18=mod|19=mod|20=mod	15=1|16=1|17=1|18=1|19=1|20=1
.	0	4	209	588077	588233	327	S	67	67	1	keyboard	268	True	15=17|16=17|17=17|18=17|19=17|20=17	15=ES|16=ES|17=ES|18=ES|19=ES|20=ES	15=être|16=être|17=être|18=être|19=être|20=être	15=V|16=V|17=V|18=V|19=V|20=V	15=V|16=V|17=V|18=V|19=V|20=V	15=n=s|t=P|p=2|16=n=s|t=P|p=2|17=n=s|t=P|p=2|18=n=s|t=P|p=2|19=n=s|t=P|p=2|20=n=s|t=P|p=2	15=12|16=28|17=28|18=28|19=28|20=28	15=sub|16=mod|17=mod|18=mod|19=mod|20=mod	15=1|16=1|17=1|18=1|19=1|20=1
.	0	4	210	590558	590729	2325	␣	68	68	1	keyboard	269	True	na	na	na	na	na	na	na	na	na
.	0	4	211	590901	591073	172	␣	69	69	1	keyboard	270	True	na	na	na	na	na	na	na	na	na
.	0	4	212	591260	591369	187	␣	70	70	1	keyboard	271	True	na	na	na	na	na	na	na	na	na
.	0	4	213	591665	591743	296	␣	71	71	1	keyboard	272	True	na	na	na	na	na	na	na	na	na
.	0	4	214	594364	594551	2621	␣	72	72	1	keyboard	273	True	na	na	na	na	na	na	na	na	na
.	0	4	215	596689	596860	2138	J	73	73	1	keyboard	274	True	15=18|16=18|17=18|18=18|19=18|20=18	15=JAMAI|16=JAMAI|17=JAMAI|18=JAMAI|19=JAMAI|20=JAMAI	15=jamais|16=_|17=_|18=_|19=_|20=_	15=ADV|16=NPP|17=NPP|18=NPP|19=NPP|20=NPP	15=NPP|16=NPP|17=NPP|18=NPP|19=NPP|20=NPP	15=|16=|17=|18=|19=|20=	15=17|16=17|17=17|18=17|19=17|20=17	15=mod|16=obj|17=obj|18=obj|19=obj|20=obj	15=1|16=1|17=1|18=1|19=1|20=1
.	0	4	216	597297	597515	437	A	74	74	1	keyboard	275	True	15=18|16=18|17=18|18=18|19=18|20=18	15=JAMAI|16=JAMAI|17=JAMAI|18=JAMAI|19=JAMAI|20=JAMAI	15=jamais|16=_|17=_|18=_|19=_|20=_	15=ADV|16=NPP|17=NPP|18=NPP|19=NPP|20=NPP	15=NPP|16=NPP|17=NPP|18=NPP|19=NPP|20=NPP	15=|16=|17=|18=|19=|20=	15=17|16=17|17=17|18=17|19=17|20=17	15=mod|16=obj|17=obj|18=obj|19=obj|20=obj	15=1|16=1|17=1|18=1|19=1|20=1
.	0	4	217	599294	599481	1779	M	75	75	1	keyboard	276	True	15=18|16=18|17=18|18=18|19=18|20=18	15=JAMAI|16=JAMAI|17=JAMAI|18=JAMAI|19=JAMAI|20=JAMAI	15=jamais|16=_|17=_|18=_|19=_|20=_	15=ADV|16=NPP|17=NPP|18=NPP|19=NPP|20=NPP	15=NPP|16=NPP|17=NPP|18=NPP|19=NPP|20=NPP	15=|16=|17=|18=|19=|20=	15=17|16=17|17=17|18=17|19=17|20=17	15=mod|16=obj|17=obj|18=obj|19=obj|20=obj	15=1|16=1|17=1|18=1|19=1|20=1
.	0	4	218	601681	601883	2200	A	76	76	1	keyboard	277	True	15=18|16=18|17=18|18=18|19=18|20=18	15=JAMAI|16=JAMAI|17=JAMAI|18=JAMAI|19=JAMAI|20=JAMAI	15=jamais|16=_|17=_|18=_|19=_|20=_	15=ADV|16=NPP|17=NPP|18=NPP|19=NPP|20=NPP	15=NPP|16=NPP|17=NPP|18=NPP|19=NPP|20=NPP	15=|16=|17=|18=|19=|20=	15=17|16=17|17=17|18=17|19=17|20=17	15=mod|16=obj|17=obj|18=obj|19=obj|20=obj	15=1|16=1|17=1|18=1|19=1|20=1
.	0	4	219	602024	602102	141	I	77	77	1	keyboard	278	True	15=18|16=18|17=18|18=18|19=18|20=18	15=JAMAI|16=JAMAI|17=JAMAI|18=JAMAI|19=JAMAI|20=JAMAI	15=jamais|16=_|17=_|18=_|19=_|20=_	15=ADV|16=NPP|17=NPP|18=NPP|19=NPP|20=NPP	15=NPP|16=NPP|17=NPP|18=NPP|19=NPP|20=NPP	15=|16=|17=|18=|19=|20=	15=17|16=17|17=17|18=17|19=17|20=17	15=mod|16=obj|17=obj|18=obj|19=obj|20=obj	15=1|16=1|17=1|18=1|19=1|20=1
.	0	4	220	603428	603599	1326	␣	78	78	1	keyboard	279	True	na	na	na	na	na	na	na	na	na
.	0	4	221	603662	603787	63	␣	79	79	1	keyboard	280	True	na	na	na	na	na	na	na	na	na
.	0	4	222	603833	603943	46	␣	80	80	1	keyboard	281	True	na	na	na	na	na	na	na	na	na
.	0	4	223	604005	604083	62	␣	81	81	1	keyboard	282	True	na	na	na	na	na	na	na	na	na
.	0	4	224	607749	607890	3666	D	82	82	1	keyboard	283	True	15=19|16=19|17=19|18=19|19=19|20=19	15=DACOR|16=DACOR|17=DACOR|18=DACOR|19=DACOR|20=DACOR	15=de_accord|16=_|17=_|18=_|19=_|20=_	15=P|16=NPP|17=NPP|18=NPP|19=NPP|20=NPP	15=NPP|16=NPP|17=NPP|18=NPP|19=NPP|20=NPP	15=|16=|17=|18=|19=|20=	15=17|16=18|17=18|18=18|19=18|20=18	15=ats|16=mod|17=mod|18=mod|19=mod|20=mod	15=1|16=1|17=1|18=1|19=1|20=1
.	0	4	225	608170	608358	280	A	83	83	1	keyboard	284	True	15=19|16=19|17=19|18=19|19=19|20=19	15=DACOR|16=DACOR|17=DACOR|18=DACOR|19=DACOR|20=DACOR	15=de_accord|16=_|17=_|18=_|19=_|20=_	15=P|16=NPP|17=NPP|18=NPP|19=NPP|20=NPP	15=NPP|16=NPP|17=NPP|18=NPP|19=NPP|20=NPP	15=|16=|17=|18=|19=|20=	15=17|16=18|17=18|18=18|19=18|20=18	15=ats|16=mod|17=mod|18=mod|19=mod|20=mod	15=1|16=1|17=1|18=1|19=1|20=1
.	0	4	226	610074	610292	1716	C	84	84	1	keyboard	285	True	15=19|16=19|17=19|18=19|19=19|20=19	15=DACOR|16=DACOR|17=DACOR|18=DACOR|19=DACOR|20=DACOR	15=de_accord|16=_|17=_|18=_|19=_|20=_	15=P|16=NPP|17=NPP|18=NPP|19=NPP|20=NPP	15=NPP|16=NPP|17=NPP|18=NPP|19=NPP|20=NPP	15=|16=|17=|18=|19=|20=	15=17|16=18|17=18|18=18|19=18|20=18	15=ats|16=mod|17=mod|18=mod|19=mod|20=mod	15=1|16=1|17=1|18=1|19=1|20=1
.	0	4	227	611290	611446	998	O	85	85	1	keyboard	286	True	15=19|16=19|17=19|18=19|19=19|20=19	15=DACOR|16=DACOR|17=DACOR|18=DACOR|19=DACOR|20=DACOR	15=de_accord|16=_|17=_|18=_|19=_|20=_	15=P|16=NPP|17=NPP|18=NPP|19=NPP|20=NPP	15=NPP|16=NPP|17=NPP|18=NPP|19=NPP|20=NPP	15=|16=|17=|18=|19=|20=	15=17|16=18|17=18|18=18|19=18|20=18	15=ats|16=mod|17=mod|18=mod|19=mod|20=mod	15=1|16=1|17=1|18=1|19=1|20=1
.	0	4	228	612102	612273	656	R	86	86	1	keyboard	287	True	15=19|16=19|17=19|18=19|19=19|20=19	15=DACOR|16=DACOR|17=DACOR|18=DACOR|19=DACOR|20=DACOR	15=de_accord|16=_|17=_|18=_|19=_|20=_	15=P|16=NPP|17=NPP|18=NPP|19=NPP|20=NPP	15=NPP|16=NPP|17=NPP|18=NPP|19=NPP|20=NPP	15=|16=|17=|18=|19=|20=	15=17|16=18|17=18|18=18|19=18|20=18	15=ats|16=mod|17=mod|18=mod|19=mod|20=mod	15=1|16=1|17=1|18=1|19=1|20=1
.	0	4	229	615409	615565	3136	␣	87	87	1	keyboard	288	True	na	na	na	na	na	na	na	na	na
.	0	4	230	615674	615752	109	␣	88	88	1	keyboard	289	True	na	na	na	na	na	na	na	na	na
.	0	4	231	615892	615939	140	␣	89	89	1	keyboard	290	True	na	na	na	na	na	na	na	na	na
.	0	4	232	616033	616111	94	␣	90	90	1	keyboard	291	True	na	na	na	na	na	na	na	na	na
.	0	4	233	638871	638918	22760	␣	91	91	1	keyboard	292	True	na	na	na	na	na	na	na	na	na
.	0	4	234	639059	639105	141	␣	92	92	1	keyboard	293	True	na	na	na	na	na	na	na	na	na
.	0	4	235	639215	639277	110	␣	93	93	1	keyboard	294	True	na	na	na	na	na	na	na	na	na
.	0	4	236	639355	639417	78	␣	94	94	1	keyboard	295	True	na	na	na	na	na	na	na	na	na
.	0	4	237	639511	639558	94	␣	95	95	1	keyboard	296	True	na	na	na	na	na	na	na	na	na
.	0	4	238	639667	639729	109	␣	96	96	1	keyboard	297	True	na	na	na	na	na	na	na	na	na
.	0	4	239	639792	639885	63	␣	97	97	1	keyboard	298	False	na	na	na	na	na	na	na	na	na
.	0	4	240	639948	640041	63	␣	98	98	1	keyboard	299	False	na	na	na	na	na	na	na	na	na
.	0	4	241	640119	640182	78	␣	99	99	1	keyboard	300	False	na	na	na	na	na	na	na	na	na
.	0	4	242	640275	640385	93	␣	100	100	1	keyboard	301	False	na	na	na	na	na	na	na	na	na
.	0	4	243	642147	642257	1762	J	101	101	1	keyboard	302	False	15=20|16=20	15=JE|16=JE	15=je|16=je	15=CLS|16=CLS	15=CLS|16=CLS	15=n=s|p=1|16=n=s|p=1	15=21|16=28	15=suj|16=suj	15=1|16=1
.	0	4	244	642475	642647	218	E	102	102	1	keyboard	303	False	15=20|16=20	15=JE|16=JE	15=je|16=je	15=CLS|16=CLS	15=CLS|16=CLS	15=n=s|p=1|16=n=s|p=1	15=21|16=28	15=suj|16=suj	15=1|16=1
.	0	4	245	643832	643988	1185	␣	103	103	1	keyboard	304	False	na	na	na	na	na	na	na	na	na
.	0	4	246	644175	644316	187	␣	104	104	1	keyboard	305	False	na	na	na	na	na	na	na	na	na
.	0	4	247	644472	644628	156	␣	105	105	1	keyboard	306	True	na	na	na	na	na	na	na	na	na
.	0	4	248	644862	644924	234	␣	106	106	1	keyboard	307	True	na	na	na	na	na	na	na	na	na
.	0	4	249	645205	645283	281	␣	107	107	1	keyboard	308	True	na	na	na	na	na	na	na	na	na
.	0	4	250	645564	645657	281	␣	108	108	1	keyboard	309	True	na	na	na	na	na	na	na	na	na
.	0	4	251	645954	646016	297	␣	109	109	1	keyboard	310	True	na	na	na	na	na	na	na	na	na
.	0	4	252	646313	646391	297	␣	110	110	1	keyboard	311	True	na	na	na	na	na	na	na	na	na
.	0	4	253	646687	646781	296	␣	111	111	1	keyboard	312	True	na	na	na	na	na	na	na	na	na
.	0	4	254	647108	647171	327	␣	112	112	1	keyboard	313	True	na	na	na	na	na	na	na	na	na
.	0	4	255	647467	647545	296	␣	113	113	1	keyboard	314	True	na	na	na	na	na	na	na	na	na
.	0	4	256	648824	648918	1279	D	114	114	1	keyboard	315	True	15=21|16=21|17=21|18=21|19=21|20=21	15=DAITAISTE|16=DAITAISTE|17=DAITAISTE|18=DAITAISTE|19=DAITAISTE|20=DAITAISTE	15=détester|16=_|17=_|18=_|19=_|20=_	15=V|16=NPP|17=ADV|18=NPP|19=V|20=V	15=V|16=NPP|17=ADV|18=NPP|19=V|20=V	15=|16=|17=|18=|19=|20=	15=0|16=28|17=28|18=28|19=31|20=31	15=x|16=obj|17=mod|18=mod|19=root|20=root	15=1|16=1|17=1|18=1|19=1|20=1
.	0	4	257	649214	649386	296	A	115	115	1	keyboard	316	True	15=21|16=21|17=21|18=21|19=21|20=21	15=DAITAISTE|16=DAITAISTE|17=DAITAISTE|18=DAITAISTE|19=DAITAISTE|20=DAITAISTE	15=détester|16=_|17=_|18=_|19=_|20=_	15=V|16=NPP|17=ADV|18=NPP|19=V|20=V	15=V|16=NPP|17=ADV|18=NPP|19=V|20=V	15=|16=|17=|18=|19=|20=	15=0|16=28|17=28|18=28|19=31|20=31	15=x|16=obj|17=mod|18=mod|19=root|20=root	15=1|16=1|17=1|18=1|19=1|20=1
.	0	4	258	650213	650306	827	I	116	116	1	keyboard	317	True	15=21|16=21|17=21|18=21|19=21|20=21	15=DAITAISTE|16=DAITAISTE|17=DAITAISTE|18=DAITAISTE|19=DAITAISTE|20=DAITAISTE	15=détester|16=_|17=_|18=_|19=_|20=_	15=V|16=NPP|17=ADV|18=NPP|19=V|20=V	15=V|16=NPP|17=ADV|18=NPP|19=V|20=V	15=|16=|17=|18=|19=|20=	15=0|16=28|17=28|18=28|19=31|20=31	15=x|16=obj|17=mod|18=mod|19=root|20=root	15=1|16=1|17=1|18=1|19=1|20=1
.	0	4	259	652677	652787	2371	T	117	117	1	keyboard	318	True	15=21|16=21|17=21|18=21|19=21|20=21	15=DAITAISTE|16=DAITAISTE|17=DAITAISTE|18=DAITAISTE|19=DAITAISTE|20=DAITAISTE	15=détester|16=_|17=_|18=_|19=_|20=_	15=V|16=NPP|17=ADV|18=NPP|19=V|20=V	15=V|16=NPP|17=ADV|18=NPP|19=V|20=V	15=|16=|17=|18=|19=|20=	15=0|16=28|17=28|18=28|19=31|20=31	15=x|16=obj|17=mod|18=mod|19=root|20=root	15=1|16=1|17=1|18=1|19=1|20=1
.	0	4	260	653660	653801	873	A	118	118	1	keyboard	319	True	15=21|16=21|17=21|18=21|19=21|20=21	15=DAITAISTE|16=DAITAISTE|17=DAITAISTE|18=DAITAISTE|19=DAITAISTE|20=DAITAISTE	15=détester|16=_|17=_|18=_|19=_|20=_	15=V|16=NPP|17=ADV|18=NPP|19=V|20=V	15=V|16=NPP|17=ADV|18=NPP|19=V|20=V	15=|16=|17=|18=|19=|20=	15=0|16=28|17=28|18=28|19=31|20=31	15=x|16=obj|17=mod|18=mod|19=root|20=root	15=1|16=1|17=1|18=1|19=1|20=1
.	0	4	261	654003	654113	202	I	119	119	1	keyboard	320	True	15=21|16=21|17=21|18=21|19=21|20=21	15=DAITAISTE|16=DAITAISTE|17=DAITAISTE|18=DAITAISTE|19=DAITAISTE|20=DAITAISTE	15=détester|16=_|17=_|18=_|19=_|20=_	15=V|16=NPP|17=ADV|18=NPP|19=V|20=V	15=V|16=NPP|17=ADV|18=NPP|19=V|20=V	15=|16=|17=|18=|19=|20=	15=0|16=28|17=28|18=28|19=31|20=31	15=x|16=obj|17=mod|18=mod|19=root|20=root	15=1|16=1|17=1|18=1|19=1|20=1
.	0	4	262	655485	655657	1372	S	120	120	1	keyboard	321	True	15=21|16=21|17=21|18=21|19=21|20=21	15=DAITAISTE|16=DAITAISTE|17=DAITAISTE|18=DAITAISTE|19=DAITAISTE|20=DAITAISTE	15=détester|16=_|17=_|18=_|19=_|20=_	15=V|16=NPP|17=ADV|18=NPP|19=V|20=V	15=V|16=NPP|17=ADV|18=NPP|19=V|20=V	15=|16=|17=|18=|19=|20=	15=0|16=28|17=28|18=28|19=31|20=31	15=x|16=obj|17=mod|18=mod|19=root|20=root	15=1|16=1|17=1|18=1|19=1|20=1
.	0	4	263	656047	656312	390	T	121	121	1	keyboard	322	True	15=21|16=21|17=21|18=21|19=21|20=21	15=DAITAISTE|16=DAITAISTE|17=DAITAISTE|18=DAITAISTE|19=DAITAISTE|20=DAITAISTE	15=détester|16=_|17=_|18=_|19=_|20=_	15=V|16=NPP|17=ADV|18=NPP|19=V|20=V	15=V|16=NPP|17=ADV|18=NPP|19=V|20=V	15=|16=|17=|18=|19=|20=	15=0|16=28|17=28|18=28|19=31|20=31	15=x|16=obj|17=mod|18=mod|19=root|20=root	15=1|16=1|17=1|18=1|19=1|20=1
.	0	4	264	657966	658059	1654	E	122	122	1	keyboard	323	True	15=21|16=21|17=21|18=21|19=21|20=21	15=DAITAISTE|16=DAITAISTE|17=DAITAISTE|18=DAITAISTE|19=DAITAISTE|20=DAITAISTE	15=détester|16=_|17=_|18=_|19=_|20=_	15=V|16=NPP|17=ADV|18=NPP|19=V|20=V	15=V|16=NPP|17=ADV|18=NPP|19=V|20=V	15=|16=|17=|18=|19=|20=	15=0|16=28|17=28|18=28|19=31|20=31	15=x|16=obj|17=mod|18=mod|19=root|20=root	15=1|16=1|17=1|18=1|19=1|20=1
.	0	4	265	659635	659744	1576	␣	123	123	1	keyboard	324	True	na	na	na	na	na	na	na	na	na
.	0	4	266	659853	659916	109	␣	124	124	1	keyboard	325	True	na	na	na	na	na	na	na	na	na
.	0	4	267	660009	660072	93	␣	125	125	1	keyboard	326	True	na	na	na	na	na	na	na	na	na
.	0	4	268	660150	660228	78	␣	126	126	1	keyboard	327	True	na	na	na	na	na	na	na	na	na
.	0	4	269	660290	660524	62	␣	127	127	1	keyboard	328	True	na	na	na	na	na	na	na	na	na
.	0	4	270	660602	660883	78	␣	128	128	1	keyboard	329	True	na	na	na	na	na	na	na	na	na
.	0	4	271	662287	662427	1404	L	129	129	1	keyboard	330	True	15=22|16=22|17=22|18=22|19=22|20=22	15=LA|16=LA|17=LA|18=LA|19=LA|20=LA	15=le|16=la|17=la|18=la|19=la|20=la	15=DET|16=DET|17=DET|18=DET|19=DET|20=DET	15=DET|16=DET|17=DET|18=DET|19=DET|20=DET	15=n=s|g=f|16=n=s|g=f|17=n=s|g=f|18=n=s|g=f|19=n=s|g=f|20=n=s|g=f	15=23|16=23|17=23|18=23|19=23|20=23	15=det|16=det|17=det|18=det|19=det|20=det	15=1|16=1|17=1|18=1|19=1|20=1
.	0	4	272	662693	662864	266	A	130	130	1	keyboard	331	True	15=22|16=22|17=22|18=22|19=22|20=22	15=LA|16=LA|17=LA|18=LA|19=LA|20=LA	15=le|16=la|17=la|18=la|19=la|20=la	15=DET|16=DET|17=DET|18=DET|19=DET|20=DET	15=DET|16=DET|17=DET|18=DET|19=DET|20=DET	15=n=s|g=f|16=n=s|g=f|17=n=s|g=f|18=n=s|g=f|19=n=s|g=f|20=n=s|g=f	15=23|16=23|17=23|18=23|19=23|20=23	15=det|16=det|17=det|18=det|19=det|20=det	15=1|16=1|17=1|18=1|19=1|20=1
.	0	4	273	663176	663270	312	␣	131	131	1	keyboard	332	True	na	na	na	na	na	na	na	na	na
.	0	4	274	663379	663457	109	␣	132	132	1	keyboard	333	True	na	na	na	na	na	na	na	na	na
.	0	4	275	663551	663613	94	␣	133	133	1	keyboard	334	True	na	na	na	na	na	na	na	na	na
.	0	4	276	663707	663769	94	␣	134	134	1	keyboard	335	True	na	na	na	na	na	na	na	na	na
.	0	4	277	663863	663925	94	␣	135	135	1	keyboard	336	True	na	na	na	na	na	na	na	na	na
.	0	4	278	664019	664112	94	␣	136	136	1	keyboard	337	True	na	na	na	na	na	na	na	na	na
.	0	4	279	665313	665376	1201	␣	137	137	1	keyboard	338	True	na	na	na	na	na	na	na	na	na
.	0	4	280	665485	665547	109	␣	138	138	1	keyboard	339	True	na	na	na	na	na	na	na	na	na
.	0	4	281	665641	665703	94	␣	139	139	1	keyboard	340	True	na	na	na	na	na	na	na	na	na
.	0	4	282	669260	669463	3557	V	140	140	1	keyboard	341	True	15=23|16=23|17=23|18=23|19=23|20=23	15=VIOLANSE|16=VIOLANSE|17=VIOLANSE|18=VIOLANSE|19=VIOLANSE|20=VIOLANSE	15=violence|16=_|17=_|18=_|19=_|20=_	15=NC|16=NPP|17=NPP|18=NPP|19=NPP|20=NPP	15=NPP|16=NPP|17=NPP|18=NPP|19=NPP|20=NPP	15=|16=|17=|18=|19=|20=	15=21|16=28|17=28|18=28|19=21|20=21	15=obj|16=mod|17=obj|18=mod|19=obj|20=obj	15=1|16=1|17=1|18=1|19=1|20=1
.	0	4	283	670228	670384	765	I	141	141	1	keyboard	342	True	15=23|16=23|17=23|18=23|19=23|20=23	15=VIOLANSE|16=VIOLANSE|17=VIOLANSE|18=VIOLANSE|19=VIOLANSE|20=VIOLANSE	15=violence|16=_|17=_|18=_|19=_|20=_	15=NC|16=NPP|17=NPP|18=NPP|19=NPP|20=NPP	15=NPP|16=NPP|17=NPP|18=NPP|19=NPP|20=NPP	15=|16=|17=|18=|19=|20=	15=21|16=28|17=28|18=28|19=21|20=21	15=obj|16=mod|17=obj|18=mod|19=obj|20=obj	15=1|16=1|17=1|18=1|19=1|20=1
.	0	4	284	670649	670742	265	O	142	142	1	keyboard	343	True	15=23|16=23|17=23|18=23|19=23|20=23	15=VIOLANSE|16=VIOLANSE|17=VIOLANSE|18=VIOLANSE|19=VIOLANSE|20=VIOLANSE	15=violence|16=_|17=_|18=_|19=_|20=_	15=NC|16=NPP|17=NPP|18=NPP|19=NPP|20=NPP	15=NPP|16=NPP|17=NPP|18=NPP|19=NPP|20=NPP	15=|16=|17=|18=|19=|20=	15=21|16=28|17=28|18=28|19=21|20=21	15=obj|16=mod|17=obj|18=mod|19=obj|20=obj	15=1|16=1|17=1|18=1|19=1|20=1
.	0	4	285	674221	674377	3479	L	143	143	1	keyboard	344	True	15=23|16=23|17=23|18=23|19=23|20=23	15=VIOLANSE|16=VIOLANSE|17=VIOLANSE|18=VIOLANSE|19=VIOLANSE|20=VIOLANSE	15=violence|16=_|17=_|18=_|19=_|20=_	15=NC|16=NPP|17=NPP|18=NPP|19=NPP|20=NPP	15=NPP|16=NPP|17=NPP|18=NPP|19=NPP|20=NPP	15=|16=|17=|18=|19=|20=	15=21|16=28|17=28|18=28|19=21|20=21	15=obj|16=mod|17=obj|18=mod|19=obj|20=obj	15=1|16=1|17=1|18=1|19=1|20=1
.	0	4	286	674814	674970	437	A	144	144	1	keyboard	345	True	15=23|16=23|17=23|18=23|19=23|20=23	15=VIOLANSE|16=VIOLANSE|17=VIOLANSE|18=VIOLANSE|19=VIOLANSE|20=VIOLANSE	15=violence|16=_|17=_|18=_|19=_|20=_	15=NC|16=NPP|17=NPP|18=NPP|19=NPP|20=NPP	15=NPP|16=NPP|17=NPP|18=NPP|19=NPP|20=NPP	15=|16=|17=|18=|19=|20=	15=21|16=28|17=28|18=28|19=21|20=21	15=obj|16=mod|17=obj|18=mod|19=obj|20=obj	15=1|16=1|17=1|18=1|19=1|20=1
.	0	4	287	675298	675407	328	N	145	145	1	keyboard	346	True	15=23|16=23|17=23|18=23|19=23|20=23	15=VIOLANSE|16=VIOLANSE|17=VIOLANSE|18=VIOLANSE|19=VIOLANSE|20=VIOLANSE	15=violence|16=_|17=_|18=_|19=_|20=_	15=NC|16=NPP|17=NPP|18=NPP|19=NPP|20=NPP	15=NPP|16=NPP|17=NPP|18=NPP|19=NPP|20=NPP	15=|16=|17=|18=|19=|20=	15=21|16=28|17=28|18=28|19=21|20=21	15=obj|16=mod|17=obj|18=mod|19=obj|20=obj	15=1|16=1|17=1|18=1|19=1|20=1
.	0	4	288	676920	677123	1513	S	146	146	1	keyboard	347	True	15=23|16=23|17=23|18=23|19=23|20=23	15=VIOLANSE|16=VIOLANSE|17=VIOLANSE|18=VIOLANSE|19=VIOLANSE|20=VIOLANSE	15=violence|16=_|17=_|18=_|19=_|20=_	15=NC|16=NPP|17=NPP|18=NPP|19=NPP|20=NPP	15=NPP|16=NPP|17=NPP|18=NPP|19=NPP|20=NPP	15=|16=|17=|18=|19=|20=	15=21|16=28|17=28|18=28|19=21|20=21	15=obj|16=mod|17=obj|18=mod|19=obj|20=obj	15=1|16=1|17=1|18=1|19=1|20=1
.	0	4	289	677216	677310	93	E	147	147	1	keyboard	348	True	15=23|16=23|17=23|18=23|19=23|20=23	15=VIOLANSE|16=VIOLANSE|17=VIOLANSE|18=VIOLANSE|19=VIOLANSE|20=VIOLANSE	15=violence|16=_|17=_|18=_|19=_|20=_	15=NC|16=NPP|17=NPP|18=NPP|19=NPP|20=NPP	15=NPP|16=NPP|17=NPP|18=NPP|19=NPP|20=NPP	15=|16=|17=|18=|19=|20=	15=21|16=28|17=28|18=28|19=21|20=21	15=obj|16=mod|17=obj|18=mod|19=obj|20=obj	15=1|16=1|17=1|18=1|19=1|20=1
.	0	4	290	678683	678808	1373	␣	148	148	1	keyboard	349	True	na	na	na	na	na	na	na	na	na
.	0	4	291	678932	679026	124	␣	149	149	1	keyboard	350	True	na	na	na	na	na	na	na	na	na
.	0	4	292	679120	679198	94	␣	150	150	1	keyboard	351	True	na	na	na	na	na	na	na	na	na
.	0	4	293	679291	679369	93	␣	151	151	1	keyboard	352	True	na	na	na	na	na	na	na	na	na
.	0	4	294	679432	679541	63	␣	152	152	1	keyboard	353	True	na	na	na	na	na	na	na	na	na
.	0	4	295	679603	679712	62	␣	153	153	1	keyboard	354	True	na	na	na	na	na	na	na	na	na
.	0	4	296	680976	681132	1264	A	154	154	1	keyboard	355	True	15=24|16=24|17=24|18=24|19=24|20=24	15=A|16=A|17=A|18=A|19=A|20=A	15=à|16=à|17=à|18=à|19=à|20=à	15=P|16=P|17=P|18=P|19=P|20=P	15=P|16=P|17=P|18=P|19=P|20=P	15=|16=|17=|18=|19=|20=	15=21|16=28|17=28|18=28|19=21|20=21	15=mod|16=mod|17=mod|18=mod|19=mod|20=mod	15=1|16=1|17=1|18=1|19=1|20=1
.	0	4	297	681569	681662	437	␣	155	155	1	keyboard	356	True	na	na	na	na	na	na	na	na	na
.	0	4	298	681756	681881	94	␣	156	156	1	keyboard	357	True	na	na	na	na	na	na	na	na	na
.	0	4	299	681896	682006	15	␣	157	157	1	keyboard	358	True	na	na	na	na	na	na	na	na	na
.	0	4	300	682068	682162	62	␣	158	158	1	keyboard	359	True	na	na	na	na	na	na	na	na	na
.	0	4	301	682255	682333	93	␣	159	159	1	keyboard	360	True	na	na	na	na	na	na	na	na	na
.	0	4	302	682396	682505	63	␣	160	160	1	keyboard	361	True	na	na	na	na	na	na	na	na	na
.	0	4	303	685141	685282	2636	L	161	161	1	keyboard	362	True	15=25|16=25|17=25|18=25|19=25|20=25	15=L|16=L|17=L|18=L|19=L|20=L	15=le|16=_|17=_|18=_|19=_|20=_	15=DET|16=NC|17=NC|18=NC|19=NC|20=NC	15=NC|16=NC|17=NC|18=NC|19=NC|20=NC	15=|16=|17=|18=|19=|20=	15=26|16=24|17=24|18=24|19=24|20=24	15=det|16=prep|17=prep|18=prep|19=prep|20=prep	15=1|16=1|17=1|18=1|19=1|20=1
.	0	4	304	685796	685890	514	␣	162	162	1	keyboard	363	True	na	na	na	na	na	na	na	na	na
.	0	4	305	686108	686296	218	␣	163	163	1	keyboard	364	True	na	na	na	na	na	na	na	na	na
.	0	4	306	687887	688121	1591	E	164	164	1	keyboard	365	True	15=26|16=26|17=26|18=26|19=26|20=26	15=ECOLE|16=ECOLE|17=ECOLE|18=ECOLE|19=ECOLE|20=ECOLE	15=école|16=Ecole|17=Ecole|18=Ecole|19=Ecole|20=Ecole	15=NC|16=NPP|17=NPP|18=NPP|19=NPP|20=NPP	15=NPP|16=NPP|17=NPP|18=NPP|19=NPP|20=NPP	15=n=s|g=m|16=n=s|g=m|17=n=s|g=m|18=n=s|g=m|19=n=s|g=m|20=n=s|g=m	15=24|16=25|17=25|18=25|19=25|20=25	15=prep|16=mod|17=mod|18=mod|19=mod|20=mod	15=1|16=1|17=1|18=1|19=1|20=1
.	0	4	307	690430	690617	2309	C	165	165	1	keyboard	366	True	15=26|16=26|17=26|18=26|19=26|20=26	15=ECOLE|16=ECOLE|17=ECOLE|18=ECOLE|19=ECOLE|20=ECOLE	15=école|16=Ecole|17=Ecole|18=Ecole|19=Ecole|20=Ecole	15=NC|16=NPP|17=NPP|18=NPP|19=NPP|20=NPP	15=NPP|16=NPP|17=NPP|18=NPP|19=NPP|20=NPP	15=n=s|g=m|16=n=s|g=m|17=n=s|g=m|18=n=s|g=m|19=n=s|g=m|20=n=s|g=m	15=24|16=25|17=25|18=25|19=25|20=25	15=prep|16=mod|17=mod|18=mod|19=mod|20=mod	15=1|16=1|17=1|18=1|19=1|20=1
.	0	4	308	690898	691147	281	O	166	166	1	keyboard	367	True	15=26|16=26|17=26|18=26|19=26|20=26	15=ECOLE|16=ECOLE|17=ECOLE|18=ECOLE|19=ECOLE|20=ECOLE	15=école|16=Ecole|17=Ecole|18=Ecole|19=Ecole|20=Ecole	15=NC|16=NPP|17=NPP|18=NPP|19=NPP|20=NPP	15=NPP|16=NPP|17=NPP|18=NPP|19=NPP|20=NPP	15=n=s|g=m|16=n=s|g=m|17=n=s|g=m|18=n=s|g=m|19=n=s|g=m|20=n=s|g=m	15=24|16=25|17=25|18=25|19=25|20=25	15=prep|16=mod|17=mod|18=mod|19=mod|20=mod	15=1|16=1|17=1|18=1|19=1|20=1
.	0	4	309	693175	693362	2028	L	167	167	1	keyboard	368	True	15=26|16=26|17=26|18=26|19=26|20=26	15=ECOLE|16=ECOLE|17=ECOLE|18=ECOLE|19=ECOLE|20=ECOLE	15=école|16=Ecole|17=Ecole|18=Ecole|19=Ecole|20=Ecole	15=NC|16=NPP|17=NPP|18=NPP|19=NPP|20=NPP	15=NPP|16=NPP|17=NPP|18=NPP|19=NPP|20=NPP	15=n=s|g=m|16=n=s|g=m|17=n=s|g=m|18=n=s|g=m|19=n=s|g=m|20=n=s|g=m	15=24|16=25|17=25|18=25|19=25|20=25	15=prep|16=mod|17=mod|18=mod|19=mod|20=mod	15=1|16=1|17=1|18=1|19=1|20=1
.	0	4	310	693565	693737	203	E	168	168	1	keyboard	369	True	15=26|16=26|17=26|18=26|19=26|20=26	15=ECOLE|16=ECOLE|17=ECOLE|18=ECOLE|19=ECOLE|20=ECOLE	15=école|16=Ecole|17=Ecole|18=Ecole|19=Ecole|20=Ecole	15=NC|16=NPP|17=NPP|18=NPP|19=NPP|20=NPP	15=NPP|16=NPP|17=NPP|18=NPP|19=NPP|20=NPP	15=n=s|g=m|16=n=s|g=m|17=n=s|g=m|18=n=s|g=m|19=n=s|g=m|20=n=s|g=m	15=24|16=25|17=25|18=25|19=25|20=25	15=prep|16=mod|17=mod|18=mod|19=mod|20=mod	15=1|16=1|17=1|18=1|19=1|20=1
.	0	4	311	698011	698245	4274	␣	169	169	1	keyboard	370	True	na	na	na	na	na	na	na	na	na
.	0	4	312	698323	698370	78	␣	170	170	1	keyboard	371	True	na	na	na	na	na	na	na	na	na
.	0	4	313	698604	698807	234	␣	171	171	1	keyboard	372	True	na	na	na	na	na	na	na	na	na
.	0	4	314	698994	699134	187	␣	172	172	1	keyboard	373	True	na	na	na	na	na	na	na	na	na
.	0	4	315	699290	699384	156	␣	173	173	1	keyboard	374	True	na	na	na	na	na	na	na	na	na
.	0	4	316	699509	699587	125	␣	174	174	1	keyboard	375	True	na	na	na	na	na	na	na	na	na
.	0	4	317	699665	699758	78	␣	175	175	1	keyboard	376	True	na	na	na	na	na	na	na	na	na
.	0	4	318	699836	699930	78	␣	176	176	1	keyboard	377	True	na	na	na	na	na	na	na	na	na
.	0	4	319	700008	700102	78	␣	177	177	1	keyboard	378	True	na	na	na	na	na	na	na	na	na
.	0	4	320	700164	700258	62	␣	178	178	1	keyboard	379	True	na	na	na	na	na	na	na	na	na
.	0	4	321	700320	700414	62	␣	179	179	1	keyboard	380	True	na	na	na	na	na	na	na	na	na
.	0	4	322	700492	700726	78	␣	180	180	1	keyboard	381	True	na	na	na	na	na	na	na	na	na
.	0	4	323	700804	700882	78	␣	181	181	1	keyboard	382	True	na	na	na	na	na	na	na	na	na
.	0	4	324	700960	701022	78	␣	182	182	1	keyboard	383	True	na	na	na	na	na	na	na	na	na
.	0	4	325	701116	701178	94	␣	183	183	1	keyboard	384	True	na	na	na	na	na	na	na	na	na
.	0	4	326	701272	701334	94	␣	184	184	1	keyboard	385	True	na	na	na	na	na	na	na	na	na
.	0	4	327	701428	701506	94	␣	185	185	1	keyboard	386	True	na	na	na	na	na	na	na	na	na
.	0	4	328	701584	701662	78	␣	186	186	1	keyboard	387	True	na	na	na	na	na	na	na	na	na
.	0	4	329	701755	701849	93	␣	187	187	1	keyboard	388	True	na	na	na	na	na	na	na	na	na
.	0	4	330	701911	702005	62	␣	188	188	1	keyboard	389	True	na	na	na	na	na	na	na	na	na
.	0	4	331	702099	702161	94	␣	189	189	1	keyboard	390	True	na	na	na	na	na	na	na	na	na
.	0	4	332	702255	702333	94	␣	190	190	1	keyboard	391	True	na	na	na	na	na	na	na	na	na
.	0	4	333	744780	744999	42447	C	90	191	1	keyboard	392	True	16=27|17=27|18=27|19=27|20=27	16=C|17=C|18=C|19=C|20=C	16=femelle|17=femelle|18=femelle|19=femelle|20=femelle	16=ADJ|17=ADJ|18=ADJ|19=ADJ|20=ADJ	16=ADJ|17=ADJ|18=ADJ|19=ADJ|20=ADJ	16=|17=|18=|19=|20=	16=18|17=18|18=18|19=18|20=18	16=mod|17=mod|18=mod|19=mod|20=mod	16=1|17=1|18=1|19=1|20=1
.	0	4	334	746621	746793	1622	␣	91	192	1	keyboard	393	True	na	na	na	na	na	na	na	na	na
.	0	4	335	748712	748821	1919	␣	92	193	1	keyboard	394	True	na	na	na	na	na	na	na	na	na
.	0	4	336	751239	751395	2418	␣	93	194	1	keyboard	395	True	na	na	na	na	na	na	na	na	na
.	0	4	337	751691	751785	296	␣	94	195	1	keyboard	396	True	na	na	na	na	na	na	na	na	na
.	0	4	338	754764	754936	2979	E	95	196	1	keyboard	397	True	16=28|17=28|18=28|19=28|20=28	16=EST|17=EST|18=EST|19=EST|20=EST	16=être|17=être|18=être|19=être|20=être	16=V|17=V|18=V|19=V|20=V	16=V|17=V|18=V|19=V|20=V	16=n=s|t=P|p=3|17=n=s|t=P|p=3|18=n=s|t=P|p=3|19=n=s|t=P|p=3|20=n=s|t=P|p=3	16=12|17=12|18=12|19=12|20=12	16=sub|17=sub|18=sub|19=sub|20=sub	16=1|17=1|18=1|19=1|20=1
.	0	4	339	755342	755498	406	S	96	197	1	keyboard	398	True	16=28|17=28|18=28|19=28|20=28	16=EST|17=EST|18=EST|19=EST|20=EST	16=être|17=être|18=être|19=être|20=être	16=V|17=V|18=V|19=V|20=V	16=V|17=V|18=V|19=V|20=V	16=n=s|t=P|p=3|17=n=s|t=P|p=3|18=n=s|t=P|p=3|19=n=s|t=P|p=3|20=n=s|t=P|p=3	16=12|17=12|18=12|19=12|20=12	16=sub|17=sub|18=sub|19=sub|20=sub	16=1|17=1|18=1|19=1|20=1
.	0	4	340	756402	756621	904	T	97	198	1	keyboard	399	True	16=28|17=28|18=28|19=28|20=28	16=EST|17=EST|18=EST|19=EST|20=EST	16=être|17=être|18=être|19=être|20=être	16=V|17=V|18=V|19=V|20=V	16=V|17=V|18=V|19=V|20=V	16=n=s|t=P|p=3|17=n=s|t=P|p=3|18=n=s|t=P|p=3|19=n=s|t=P|p=3|20=n=s|t=P|p=3	16=12|17=12|18=12|19=12|20=12	16=sub|17=sub|18=sub|19=sub|20=sub	16=1|17=1|18=1|19=1|20=1
.	0	4	341	766574	766714	9953	⌫	113	199	-1	keyboard	400	na	na	na	na	na	na	na	na	na	na
.	0	4	342	767011	767167	297	⌫	112	198	-1	keyboard	401	na	na	na	na	na	na	na	na	na	na
.	0	4	343	767416	767603	249	⌫	111	197	-1	keyboard	402	na	na	na	na	na	na	na	na	na	na
.	0	4	344	767697	767869	94	⌫	110	196	-1	keyboard	403	na	na	na	na	na	na	na	na	na	na
.	0	4	345	767962	768056	93	⌫	109	195	-1	keyboard	404	na	na	na	na	na	na	na	na	na	na
.	0	4	346	771425	771597	3369	⌫	108	194	-1	keyboard	405	na	na	na	na	na	na	na	na	na	na
.	0	4	347	771815	771987	218	⌫	107	193	-1	keyboard	406	na	na	na	na	na	na	na	na	na	na
.	0	4	348	772221	772361	234	⌫	106	192	-1	keyboard	407	na	na	na	na	na	na	na	na	na	na
.	0	4	349	785559	785715	13198	P	105	191	1	keyboard	408	True	18=29|19=29|20=29	18=POUR|19=POUR|20=POUR	18=pour|19=pour|20=pour	18=P|19=P|20=P	18=P|19=P|20=P	18=|19=|20=	18=28|19=28|20=28	18=mod|19=mod|20=mod	18=1|19=1|20=1
.	0	4	350	786011	786136	296	O	106	192	1	keyboard	409	True	18=29|19=29|20=29	18=POUR|19=POUR|20=POUR	18=pour|19=pour|20=pour	18=P|19=P|20=P	18=P|19=P|20=P	18=|19=|20=	18=28|19=28|20=28	18=mod|19=mod|20=mod	18=1|19=1|20=1
.	0	4	351	786433	786495	297	U	107	193	1	keyboard	410	True	18=29|19=29|20=29	18=POUR|19=POUR|20=POUR	18=pour|19=pour|20=pour	18=P|19=P|20=P	18=P|19=P|20=P	18=|19=|20=	18=28|19=28|20=28	18=mod|19=mod|20=mod	18=1|19=1|20=1
.	0	4	352	788351	788507	1856	R	108	194	1	keyboard	411	True	18=29|19=29|20=29	18=POUR|19=POUR|20=POUR	18=pour|19=pour|20=pour	18=P|19=P|20=P	18=P|19=P|20=P	18=|19=|20=	18=28|19=28|20=28	18=mod|19=mod|20=mod	18=1|19=1|20=1
.	0	4	353	789178	789256	671	␣	109	195	1	keyboard	412	True	na	na	na	na	na	na	na	na	na
.	0	4	354	789350	789428	94	␣	110	196	1	keyboard	413	True	na	na	na	na	na	na	na	na	na
.	0	4	355	789506	789568	78	␣	111	197	1	keyboard	414	True	na	na	na	na	na	na	na	na	na
.	0	4	356	789646	789740	78	␣	112	198	1	keyboard	415	True	na	na	na	na	na	na	na	na	na
.	0	4	357	791534	791643	1794	S	113	199	1	keyboard	416	True	18=30|19=30|20=30	18=SA|19=SA|20=SA	18=sa|19=sa|20=sa	18=DET|19=DET|20=DET	18=DET|19=DET|20=DET	18=n=s|g=f|p=3|poss=s|19=n=s|g=f|p=3|poss=s|20=n=s|g=f|p=3|poss=s	18=31|19=0|20=0	18=det|19=_|20=_	18=1|19=1|20=1
.	0	4	358	791939	792080	296	A	114	200	1	keyboard	417	True	18=30|19=30|20=30	18=SA|19=SA|20=SA	18=sa|19=sa|20=sa	18=DET|19=DET|20=DET	18=DET|19=DET|20=DET	18=n=s|g=f|p=3|poss=s|19=n=s|g=f|p=3|poss=s|20=n=s|g=f|p=3|poss=s	18=31|19=0|20=0	18=det|19=_|20=_	18=1|19=1|20=1
.	0	4	359	793156	793297	1076	␣	115	201	1	keyboard	418	True	na	na	na	na	na	na	na	na	na
.	0	4	360	793375	793468	78	␣	116	202	1	keyboard	419	True	na	na	na	na	na	na	na	na	na
.	0	4	361	793562	793624	94	␣	117	203	1	keyboard	420	True	na	na	na	na	na	na	na	na	na
.	0	4	362	793718	793780	94	␣	118	204	1	keyboard	421	True	na	na	na	na	na	na	na	na	na
.	0	4	363	793874	794139	94	␣	119	205	1	keyboard	422	True	na	na	na	na	na	na	na	na	na
.	0	4	364	794217	794279	78	␣	120	206	1	keyboard	423	True	na	na	na	na	na	na	na	na	na
.	0	4	365	804591	804841	10312	Q	121	207	1	keyboard	424	True	18=31|19=31|20=31	18=QUE|19=QUE|20=QUE	18=que|19=que|20=que	18=CS|19=CS|20=CS	18=CS|19=CS|20=CS	18=|19=|20=	18=29|19=0|20=0	18=prep|19=_|20=_	18=1|19=1|20=1
.	0	4	366	806869	807040	2028	U	122	208	1	keyboard	425	True	18=31|19=31|20=31	18=QUE|19=QUE|20=QUE	18=que|19=que|20=que	18=CS|19=CS|20=CS	18=CS|19=CS|20=CS	18=|19=|20=	18=29|19=0|20=0	18=prep|19=_|20=_	18=1|19=1|20=1
.	0	4	367	812376	812563	5336	E	123	209	1	keyboard	426	True	18=31|19=31|20=31	18=QUE|19=QUE|20=QUE	18=que|19=que|20=que	18=CS|19=CS|20=CS	18=CS|19=CS|20=CS	18=|19=|20=	18=29|19=0|20=0	18=prep|19=_|20=_	18=1|19=1|20=1
.	0	4	368	818631	818787	6068	J	127	210	1	keyboard	427	True	19=32|20=32	19=JE|20=JE	19=je|20=je	19=CLS|20=CLS	19=CLS|20=CLS	19=n=s|p=1|20=n=s|p=1	19=21|20=21	19=suj|20=suj	19=1|20=1
.	0	4	369	818990	819208	203	E	128	211	1	keyboard	428	True	19=32|20=32	19=JE|20=JE	19=je|20=je	19=CLS|20=CLS	19=CLS|20=CLS	19=n=s|p=1|20=n=s|p=1	19=21|20=21	19=suj|20=suj	19=1|20=1
.	0	4	370	833545	833623	14337	␣	196	212	1	keyboard	429	True	na	na	na	na	na	na	na	na	na
.	0	4	371	834060	834153	437	␣	197	213	1	keyboard	430	True	na	na	na	na	na	na	na	na	na
.	0	4	372	838475	838677	4322	F	198	214	1	keyboard	431	True	20=33	20=FIN	20=fin	20=NC	20=NC	20=n=s	20=25	20=mod	20=1
.	0	4	373	839005	839192	328	I	199	215	1	keyboard	432	True	20=33	20=FIN	20=fin	20=NC	20=NC	20=n=s	20=25	20=mod	20=1
.	0	4	374	839489	839629	297	N	200	216	1	keyboard	433	True	20=33	20=FIN	20=fin	20=NC	20=NC	20=n=s	20=25	20=mod	20=1
